name,part_url,price,bd,dvd,cd,bd_write,dvd_write,cd_write
Lite-On iHAS124-14,https://pcpartpicker.com/product/6fJwrH/lite-on-optical-drive-ihas12414,43.99,,16,48,,24/8/8/24/6/8/5,48/24
LG BH16NS40,https://pcpartpicker.com/product/WXK7YJ/lg-bh16ns40-blu-raydvdcd-writer-bh16ns40,212.99,12,16,48,16/12/2/-,16/8/8/16/6/8/5,48/24
LG WH14NS40,https://pcpartpicker.com/product/z2dqqs/lg-optical-drive-wh14ns40,,12,16,48,14/12/2/2,16/8/8/16/6/8/5,48/24
Asus BW-16D1HT,https://pcpartpicker.com/product/qHdqqs/asus-optical-drive-bw16d1ht,129.99,12,16,48,16/12/2/2,16/8/8/16/6/8/5,48/24
LG GH24NSD5,https://pcpartpicker.com/product/tDrmP6/lg-gh24nsd5-dvdcd-writer-gh24nsd5,166.69,,16,48,,24/8/12/8/6/12/12,48/24
Asus DRW-24B1ST/BLK/B/AS,https://pcpartpicker.com/product/2v9KHx/asus-optical-drive-drw24b1stblkbas,27.99,,16,48,,24/8/12/24/6/12/12,48/32
Pioneer BDR-212DBK,https://pcpartpicker.com/product/cX6qqs/pioneer-bdr-212dbk-blu-raydvdcd-writer-bdr-212dbk,,,,,16/14/2/2,16/8/8/16/6/8/5,40/24
Asus DRW-24D5MT,https://pcpartpicker.com/product/wh38TW/asus-drw-24d5mt-dvdcd-writer-drw-24d5mt,,,16,48,,16/13/12/16/8/12/5,48/40
LG BU40N,https://pcpartpicker.com/product/WCmNnQ/lg-bu40n-blu-raydvdcd-writer-bu40n,147.98,,,,6/6/2/6,8/8/6/8/6/6/5,24/16
Asus BW-14D1XT,https://pcpartpicker.com/product/Xhbp99/asus-optical-drive-bw14d1xt,,12,16,48,14/12/2/2,16/8/8/16/6/8/5,48/24
LG WH16NS40,https://pcpartpicker.com/product/QZ6BD3/lg-optical-drive-wh16ns40,,12,16,48,16/12/2/2,16/8/8/16/6/8/5,48/24
Asus DRW-24F1ST,https://pcpartpicker.com/product/wT2kcf/asus-optical-drive-drw24f1st,64.99,,16,48,,24/8/8/24/6/8/5,48/24
Panasonic UJ-265,https://pcpartpicker.com/product/XZx9TW/panasonic-optical-drive-uj265,,6,8,24,6/6/-/-,8/8/6/8/8/6/-,24/16
Samsung SH-224DB/BEBE,https://pcpartpicker.com/product/y4xfrH/samsung-optical-drive-sh224dbbebe,96.99,,16,48,,24/8/8/24/6/8/12,48/24
Pioneer BDR-209DBK,https://pcpartpicker.com/product/48Lypg/pioneer-optical-drive-bdr209dbk,,12,16,40,16/14/2/2,16/8/8/16/6/8/-,40/24
Asus BC-12D2HT,https://pcpartpicker.com/product/6d3RsY/asus-optical-drive-bc12d2ht,,,,,12/8/8/6,16/8/8/6/12/8/5,48/24
Plextor PX-891SAF,https://pcpartpicker.com/product/k68H99/plextor-px-891saf-dvdcd-writer-px-891saf,43.95,,16,48,,24/8/12/24/6/12/12,48/32
LG GH24NSB0,https://pcpartpicker.com/product/PWNp99/lg-optical-drive-gh24nsb0,48.99,,16,48,,24/8/8/24/6/8/5,48/24
LG GH24NSD1,https://pcpartpicker.com/product/hC648d/lg-optical-drive-gh24nsd1,,,16,48,,24/8/16/24/6/12/12,48/32
LG GTB0N,https://pcpartpicker.com/product/gkL7YJ/lg-optical-drive-gtb0n,37.17,,8,24,,8/6/6/8/6/6/5,24/24
HP QS208AA,https://pcpartpicker.com/product/PT6BD3/hp-optical-drive-qs208aa,71.99,,16,48,,16/8/8/-/6/8/-,48/32
Pioneer BDR-S13UBK,https://pcpartpicker.com/product/3PMMnQ/pioneer-bdr-s13ubk-dvd-reader-blu-raycd-writer-bdr-s13ubk,,12,16,48,16/14/2/2,,48/40
Pioneer BDR-211UBK,https://pcpartpicker.com/product/32s8TW/pioneer-bdr-211ubk-blu-raydvdcd-writer-bdr-211ubk,,12,16,40,16/14/2/2,16/8/8/16/6/8/5,40/24
Samsung SN-208DB/BEBE,https://pcpartpicker.com/product/NBkD4D/samsung-optical-drive-sn208dbbebe,134.99,,8,24,,8/8/6/8/6/6/5,24/24
LG WH16NS60,https://pcpartpicker.com/product/s3ZFf7/lg-wh16ns60-dvdcd-writer-wh16ns60,,,,,16/12/-/-,-/-/-/-/-/-/5,48/24
Lite-On iHAS124-04,https://pcpartpicker.com/product/xNmLrH/lite-on-optical-drive-ihas124-04,,,16,48,,24/8/8/24/6/-/12,48/32
Sony AD-7280S-0B,https://pcpartpicker.com/product/FPrG3C/sony-optical-drive-ad7280s0b,,,16,48,,24/8/12/24/6/12/12,48/32
Lite-On DH-16AFSH,https://pcpartpicker.com/product/Z9yV3C/lite-on-dh-16afsh-dvdcd-writer-dh-16afsh,,,,,,16/8/8/16/6/8/-,48/24
Sony BD-5300S,https://pcpartpicker.com/product/GKrG3C/sony-optical-drive-bd5300s,,8,16,48,12/8/2/2,16/8/8/16/6/8/12,48/24
Samsung SH-222AB,https://pcpartpicker.com/product/4HmLrH/samsung-optical-drive-sh222ab,103.98,,16,48,,22/8/16/22/6/12/12,48/24
LG GH24NSC0,https://pcpartpicker.com/product/CcCrxr/lg-optical-drive-gh24nsc0,,,16,48,,24/8/8/24/6/8/5,48/24
Asus BW-12B1ST/BLK/G/AS,https://pcpartpicker.com/product/vPphP6/asus-optical-drive-bw12b1stblkgas,,8,16,48,12/4/2/2,16/8/8/16/6/8/12,48/24
Pioneer DVR-216D,https://pcpartpicker.com/product/3dsnTW/pioneer-dvr-216d-dvdcd-writer-dvr-216d,,,16,40,,20/8/12/20/32/12/-,40/32
LG BH16NS55.AUAR10B,https://pcpartpicker.com/product/P34NnQ/lg-bh16ns55auar10b-blu-raydvdcd-writer-bh16ns55auar10b,,,,40,8/8/8/6,16/12/12/16/12/12/5,48/40
LG GGC-H20L,https://pcpartpicker.com/product/ck98TW/lg-optical-drive-ggch20l,,6,16,40,,,
Asus BC-12B1ST/BLK/B/AS,https://pcpartpicker.com/product/hCR48d/asus-optical-drive-bc12b1stblkbas,,12,16,48,,16/8/8/16/6/8/12,48/24
HP AR629AA,https://pcpartpicker.com/product/ydK7YJ/hp-optical-drive-ar629aa,,,16,48,,,
Pioneer BDR-S12XLT,https://pcpartpicker.com/product/7JpD4D/pioneer-bdr-s12xlt-blu-raydvdcd-writer-bdr-s12xlt,,16,16,40,16/14/2/2,16/8/8/16/6/8/5,40/24
LG GS40N,https://pcpartpicker.com/product/pf7CmG/lg-optical-drive-gs40n,,,8,24,,8/8/6/8/6/6/5,24/16
Samsung SH-224BB,https://pcpartpicker.com/product/RdLypg/samsung-optical-drive-sh224bb,,,16,48,,24/8/8/24/6/8/12,48/24
Asus DVD-E818AAT/BLK/B/GE,https://pcpartpicker.com/product/RPx9TW/asus-optical-drive-dvde818aatblkbge,,,18,48,,,
Asus SDRW-08U1MT,https://pcpartpicker.com/product/bD4Zxr/asus-sdrw-08u1mt-dvdcd-writer-sdrw-08u1mt,63.14,,,24,,8/8/6/8/6/6/5,24/24
Asus DRW-24B3ST/BLK/G/AS,https://pcpartpicker.com/product/W8V48d/asus-optical-drive-drw24b3stblkgas,,,16,48,,24/8/12/24/6/12/12,48/24
LG UH12NS30,https://pcpartpicker.com/product/NJh9TW/lg-optical-drive-uh12ns30,,12,16,,,16/8/8/16/6/8/5,48/24
Pioneer BDR-212EBK,https://pcpartpicker.com/product/QVNgXL/pioneer-bdr-212ebk-blu-ray-reader-dvdcd-writer-bdr-212ebk,,16,,,,16/-/-/16/-/-/-,40/-
Silverstone SOB03,https://pcpartpicker.com/product/jyD7YJ/silverstone-sob03-blu-raydvdcd-writer-sst-sob03,,6,8,24,6/6/2/2,8/8/4/8/6/4/5,24/10
Memorex 98240,https://pcpartpicker.com/product/J3TmP6/memorex-optical-drive-98240,,,16,48,,24/6/8/24/6/8/-,48/32
Asus DVDE818A7T/BLK/B/GEN,https://pcpartpicker.com/product/p7Np99/asus-optical-drive-dvde818a7tblkbgen,,,18,48,,16/10/8/16/10/8/5,
LG BH12LS35,https://pcpartpicker.com/product/tv38TW/lg-optical-drive-bh12ls35,,,,,12/12/2/2,16/12/12/16/12/12/12,48/24
Silverstone TOB04,https://pcpartpicker.com/product/fzpmP6/silverstone-tob04-blu-raydvdcd-writer-sst-tob04,,6,8,24,6/6/6/4,8/8/8/8/8/8/8,24/24
LG GUD0N,https://pcpartpicker.com/product/6dn9TW/lg-gud0n-dvdcd-writer-gud0n,39,,,,,8/6/6/8/6/6/5,24/24
Sony BD-5740H-01,https://pcpartpicker.com/product/CNbp99/sony-optical-drive-bd5740h01,,6,8,24,6/6/2/2,8/8/6/8/6/6/5,24/16
LG BH14NS40,https://pcpartpicker.com/product/J9MFf7/lg-optical-drive-bh14ns40,,12,16,48,14/12/2/2,16/8/8/16/6/8/5,48/24
Sony AD-7280S-02,https://pcpartpicker.com/product/MyMFf7/sony-optical-drive-ad7280s02,,,16,48,,24/8/12/24/6/12/12,48/32
Lite-On DS-8ABSH-01,https://pcpartpicker.com/product/ZsyFf7/lite-on-optical-drive-ds8absh01,,,8,24,,8/8/6/8/6/6/5,24/24
Lite-On IHBS112-04,https://pcpartpicker.com/product/DtDwrH/lite-on-optical-drive-ihbs11204,,8,16,48,12/8/2/2,16/8/8/16/6/8/12,48/48
HP 447328-B21,https://pcpartpicker.com/product/TGZQzy/hp-optical-drive-447328b21,,,16,50,,16/8/-/16/8/-/-,40/32
Samsung SH-B123L/RSBP,https://pcpartpicker.com/product/HXw323/samsung-optical-drive-shb123lrsbp,,12,16,48,,16/8/8/16/16/8/12,48/24
LG GH24NS95,https://pcpartpicker.com/product/MD9KHx/lg-optical-drive-gh24ns95,,,16,48,,24/8/8/24/6/8/5,48/24
LG GH24NSC0B,https://pcpartpicker.com/product/9nQRsY/lg-optical-drive-gh24nsc0b,,,16,48,,24/8/8/24/6/8/5,48/24
LG BH10LS30,https://pcpartpicker.com/product/JgJkcf/lg-optical-drive-bh10ls30,,6,16,48,10/8/8/6,16/8/8/16/8/8/12,48/24
Asus DRW-24B3LT,https://pcpartpicker.com/product/HdR48d/asus-optical-drive-drw24b3lt,,,16,48,,24/8/12/24/6/12/12,48/24
Sony BWU-500S,https://pcpartpicker.com/product/TBV48d/sony-optical-drive-bwu500s,,8,16,48,12/8/2/2,8/8/6/8/6/6/5,24/16
Samsung SH-S203B,https://pcpartpicker.com/product/hKJgXL/samsung-sh-s203b-dvdcd-writer-sh-s203b,,,20,48,,20/8/12/20/6/12/12,32/48
I/O Magic IDVD22DL,https://pcpartpicker.com/product/CmsKHx/io-magic-optical-drive-idvd22dl,,,16,48,,22/8/16/22/6/16/12,48/32
LG GH24NS90,https://pcpartpicker.com/product/Xth9TW/lg-optical-drive-gh24ns90,,,16,48,,24/8/8/24/6/8/12,48/32
Lite-On DL-8A4SH-01,https://pcpartpicker.com/product/2qK7YJ/lite-on-optical-drive-dl8a4sh01,,,8,24,,8/8/6/8/6/6/5,24/24
Asus BC-12B1ST,https://pcpartpicker.com/product/JjGxFT/asus-bc-12b1st-dvdcd-writer-bc-12b1st,,,,,,16/8/8/16/6/8/12,48/24
Pioneer BDR-206MBK,https://pcpartpicker.com/product/rdh9TW/pioneer-optical-drive-bdr206mbk,,6,8,24,6/6/2/2,8/8/8/8/6/8/-,24/24
Lite-On iHDS118-04,https://pcpartpicker.com/product/JVphP6/lite-on-optical-drive-ihds11804,,,18,48,,,
LG WH12LS30,https://pcpartpicker.com/product/x4Lypg/lg-optical-drive-wh12ls30,,10,16,48,12/12/2/2,16/8/8/16/6/8/12,48/24
Lite-On IHBS312-98,https://pcpartpicker.com/product/gnzv6h/lite-on-optical-drive-ihbs31298,,8,16,48,12/8/2/2,16/8/8/16/6/8/12,48/24
MSI DH-24AS U88,https://pcpartpicker.com/product/V7Qypg/msi-optical-drive-dh24asu88,,,16,48,,24/8/-/24/8/-/-,48/32
HP DVD1265I,https://pcpartpicker.com/product/fpfp99/hp-optical-drive-dvd1265i,,,16,48,,24/8/12/24/6/12/-,48/32
Pioneer BDR-211EBK,https://pcpartpicker.com/product/RLKcCJ/pioneer-bdr-211ebk-blu-raydvdcd-writer-bdr-211ebk,,,,,16/-/-/-,-/16/-/-/16/-/-,-/40
Samsung SH-S223C,https://pcpartpicker.com/product/7dQypg/samsung-optical-drive-shs223c,,,16,48,,22/8/16/22/6/12/12,48/32
HP 1270i,https://pcpartpicker.com/product/F7Np99/hp-optical-drive-hp1270i,,,16,48,,24/8/12/24/6/12/12,48/32
LG GH22NS50 Bulk,https://pcpartpicker.com/product/QpPfrH/lg-optical-drive-gh22ns50bulk,,,16,48,,22/8/-/22/8/-/12,48/32
Lite-On iHAS224-06,https://pcpartpicker.com/product/MzV48d/lite-on-optical-drive-ihas22406,,,16,48,,24/8/12/24/6/12/12,48/32
Buslink DBW-1647,https://pcpartpicker.com/product/cCYXsY/buslink-optical-drive-dbw1647,,,16,48,,16/4/4/16/4/-/-,48/32
Sony BC5640H-03,https://pcpartpicker.com/product/zZYXsY/sony-optical-drive-bc5640h03,,6,8,24,,8/8/6/8/6/6/5,24/16
Pioneer BDC-207DBK,https://pcpartpicker.com/product/QJckcf/pioneer-optical-drive-bdc207dbk,,8,16,40,,16/8/8/16/6/8/5,40/24
Pioneer BDR-2209,https://pcpartpicker.com/product/4Fzv6h/pioneer-optical-drive-bdr2209,,12,16,40,16/14/2/2,16/6/8/16/6/8/5,40/24
Silverstone SST-SOB02,https://pcpartpicker.com/product/mr9KHx/silverstone-optical-drive-sstsob02,,,,24,6/6/6/6,8/8/8/8/8/8/4,24/24
Samsung SH-224FB,https://pcpartpicker.com/product/6D8H99/samsung-sh-224fb-dvdcd-writer-sh-224fb,,,16,48,,24/8/8/24/6/8/5,48/24
LG BH12LS38,https://pcpartpicker.com/product/R2CFf7/lg-bh12ls38-blu-raydvdcd-writer-bh12ls38,,12,16,48,12/12/2/2,16/8/8/16/6/8/12,48/24
HP 652238-B21,https://pcpartpicker.com/product/d2h9TW/hp-optical-drive-652238b21,,,8,24,,,
Sony AD-7260S-0B,https://pcpartpicker.com/product/WgMFf7/sony-optical-drive-ad7260s0b,,,16,48,,24/8/12/24/6/12/12,48/32
Lite-On iHOS104-06,https://pcpartpicker.com/product/yGZQzy/lite-on-optical-drive-ihos10406,,4,8,32,,,
Sony BC-5500H-01,https://pcpartpicker.com/product/PPphP6/sony-optical-drive-bc5500h01,,4,8,24,,8/4/4/8/4/4/5,16/10
MSI DH-18D4P,https://pcpartpicker.com/product/pbJwrH/msi-optical-drive-dh18d4p,,,18,48,,,
MSI DH-22AP,https://pcpartpicker.com/product/zsGkcf/msi-optical-drive-dh22ap,,,16,48,,22/8/-/22/6/-/12,48/32
LG GH22NS90B,https://pcpartpicker.com/product/g2yFf7/lg-optical-drive-gh22ns90b,,,16,48,,22/8/8/22/6/8/12,48/32
Samsung SH-222AL/BSBS,https://pcpartpicker.com/product/tth9TW/samsung-optical-drive-sh222albsbs,,,22,48,,22/8/16/22/6/12/12,48/24
LG WH12LS39,https://pcpartpicker.com/product/NQ4gXL/lg-optical-drive-wh12ls39,,10,16,48,12/12/2/2,16/8/8/16/6/8/12,48/24
Pioneer BDR-2208,https://pcpartpicker.com/product/WzQypg/pioneer-optical-drive-bdr2208,,12,16,40,15/14/2/2,16/8/8/16/6/8/5,40/24
LG UH12NS29,https://pcpartpicker.com/product/zhbp99/lg-optical-drive-uh12ns29,,10,16,48,,16/8/8/16/6/8/12,48/24
LG CH10LS20 OEM,https://pcpartpicker.com/product/RYxfrH/lg-optical-drive-ch10ls20oem,,10,16,48,,16/8/-/16/6/-/-,48/24
Lite-On IHAS324-07,https://pcpartpicker.com/product/gtMFf7/lite-on-optical-drive-ihas32407,,,16,48,,24/8/12/24/6/-/-,48/32
Asus DVD-E818AAT/BLK/B/GEN,https://pcpartpicker.com/product/RwxfrH/asus-optical-drive-dvde818aatblkbgen,,,18,48,,,
Silverstone SOD02B,https://pcpartpicker.com/product/Rzbp99/silverstone-optical-drive-sod02b,,,8,24,,8/8/6/8/6/6/5,24/4
OcUK CD-004-OK,https://pcpartpicker.com/product/YmV48d/ocuk-optical-drive-cd004ok,,8,,,,16/16/8/16/16/8/-,48/24
Lite-On SOHW-832S,https://pcpartpicker.com/product/4gs8TW/lite-on-optical-drive-sohw832s,,,12,40,,8/4/2/8/4/2/-,40/24
LG GUB0N,https://pcpartpicker.com/product/tP648d/lg-optical-drive-gub0n,,,8,24,,8/6/6/8/6/6/5,24/24
Asus DRW-24D3ST,https://pcpartpicker.com/product/2KBrxr/asus-optical-drive-drw24d3st,,,16,48,,16/13/12/16/8/12/5,48/40
Samsung SH-216DB,https://pcpartpicker.com/product/svfmP6/samsung-optical-drive-sh216db,,,,,,16/8/8/16/6/8/5,48/24
LG GH10N,https://pcpartpicker.com/product/NhkwrH/lg-optical-drive-gh10n,,,,,,,
LG UH12NS40,https://pcpartpicker.com/product/QC648d/lg-uh12ns40-blu-ray-reader-dvdcd-writer-uh12ns40,,12,16,48,,16/8/8/16/6/8/5,48/24
Samsung SH-224GB/BSBE,https://pcpartpicker.com/product/msL7YJ/samsung-sh-224gbbsbe-dvdcd-writer-sh-224gbbsbe,,,16,48,,24/8/8/24/6/8/5,48/24
LG GH22LS50,https://pcpartpicker.com/product/XjG2FT/lg-gh22ls50-dvdcd-writer-gh22ls50,,,12,48,,22/8/16/22/6/12/12,48/32
HP bd340i,https://pcpartpicker.com/product/Nrbp99/hp-optical-drive-bd340i,,8,16,48,12/8/2/2,16/8/8/16/6/8/12,48/24
LG GH22NP21,https://pcpartpicker.com/product/7mMFf7/lg-optical-drive-gh22np21,,,16,48,,22/8/16/22/6/12/12,48/32
LG GH24NS70 OEM,https://pcpartpicker.com/product/VMW9TW/lg-optical-drive-gh24ns70oem,,,16,48,,24/8/8/24/6/8/12,48/32
HP 481041-B21,https://pcpartpicker.com/product/XKtCmG/hp-optical-drive-481041b21,,,8,24,,,
Samsung SH-B123L,https://pcpartpicker.com/product/chzv6h/samsung-optical-drive-shb123l,,12,16,48,,16/8/8/16/6/8/12,48/4
Sony BC-5640H-01,https://pcpartpicker.com/product/rZbp99/sony-optical-drive-bc5640h01,,6,8,24,,8/8/6/8/6/6/5,24/16
Plextor PX-B320SA SW,https://pcpartpicker.com/product/pXw323/plextor-optical-drive-pxb320sasw,,8,16,48,,16/8/8/16/6/8/12,48/32
Lite-On iHOS104-08,https://pcpartpicker.com/product/Zhzv6h/lite-on-optical-drive-ihos10408,,4,8,32,,,
Lite-On Ihap322-98,https://pcpartpicker.com/product/DPphP6/lite-on-optical-drive-ihap32298,,,16,48,,22/8/-/22/6/-/12,48/32
Lite-On iHAS424-98,https://pcpartpicker.com/product/L8tCmG/lite-on-optical-drive-ihas42498,,,16,48,,24/8/12/24/6/12/12,48/32
Sony AD-7260S-01,https://pcpartpicker.com/product/zJ3RsY/sony-optical-drive-ad7260s01,,,16,48,,24/8/12/24/6/12/12,48/32
Lite-On DS-8A5S,https://pcpartpicker.com/product/jXckcf/lite-on-optical-drive-ds8a5s,,,8,24,,8/8/6/8/6/6/5,24/24
MSI DH-18D5S,https://pcpartpicker.com/product/3FV48d/msi-optical-drive-dh18d5s,,,18,48,,,
Lite-On iHES112-29,https://pcpartpicker.com/product/kdR48d/lite-on-optical-drive-ihes11229,,12,16,48,,16/8/8/16/6/8/12,48/24
Lite-On ihes112-04,https://pcpartpicker.com/product/PbMFf7/lite-on-optical-drive-ihes11204,,12,16,48,,16/8/8/16/6/8/12,48/24
Teac DV516E/B/S,https://pcpartpicker.com/product/mkMFf7/teac-optical-drive-dv516ebs,,,16,48,,,
Plextor PX-LB950SA,https://pcpartpicker.com/product/CWh9TW/plextor-optical-drive-pxlb950sa,,8,16,48,12/8/2/2,16/8/8/16/6/8/12,48/24
LG WH12LS38,https://pcpartpicker.com/product/Lgg323/lg-optical-drive-wh12ls38,,10,16,48,12/12/2/2,16/8/8/16/6/8/12,48/24
I/O Magic IBD1,https://pcpartpicker.com/product/mGCwrH/io-magic-optical-drive-ibd1,,10,16,48,10/8/2/-,16/8/4/16/6/4/-,48/24
Samsung SN-208BB,https://pcpartpicker.com/product/NQJwrH/samsung-optical-drive-sn208bb,,,8,24,,8/8/8/8/6/8/5,24/4
Gear Head 24XDVDINTLS,https://pcpartpicker.com/product/jVphP6/gear-head-optical-drive-24xdvdintls,,,,,,24/8/12/24/-/12/12,
Samsung TS-H353C,https://pcpartpicker.com/product/8BV48d/samsung-optical-drive-tsh353c,,,16,40,,,
Samsung SH-222BB/BEBE,https://pcpartpicker.com/product/gBK7YJ/samsung-optical-drive-sh222bbbebe,,,16,48,,22/8/8/22/6/8/12,48/24
LG CH10LS28,https://pcpartpicker.com/product/skphP6/lg-optical-drive-ch10ls28,,10,16,48,,16/8/8/16/6/8/12,48/24
Pioneer BDR-207MBK,https://pcpartpicker.com/product/sZNp99/pioneer-optical-drive-bdr207mbk,,10,16,40,12/12/2/2,16/8/8/16/6/8/5,40/24
Pioneer BDR-2206,https://pcpartpicker.com/product/J8Gkcf/pioneer-optical-drive-bdr2206,,8,12,40,12/12/2/2,16/8/8/16/6/8/-,40/24
Lite-On ihas524-T06,https://pcpartpicker.com/product/4Q4gXL/lite-on-optical-drive-ihas524t06,,,16,48,,24/8/12/24/6/12/12,48/32
LG UH12LS29,https://pcpartpicker.com/product/WvMFf7/lg-optical-drive-uh12ls29,,10,16,48,,16/8/8/16/6/8/12,48/24
LG BT30N,https://pcpartpicker.com/product/6XK7YJ/lg-optical-drive-bt30n,,6,8,24,6/6/2/-,8/8/6/8/6/6/5,24/24
Samsung SH-224DB/RSBS,https://pcpartpicker.com/product/Znbp99/samsung-optical-drive-sh224dbrsbs,,,16,48,,24/8/8/24/6/8/5,48/24
HP 624192-B21,https://pcpartpicker.com/product/sQXfrH/hp-optical-drive-624192b21,,,,,,16/8/8/16/6/8/5,40/24
Asus DRW-2014L1T,https://pcpartpicker.com/product/B6YXsY/asus-optical-drive-drw2014l1t,,,16,48,,20/8/8/20/6/8/14,48/32
Samsung SH-S223Q,https://pcpartpicker.com/product/Xz2kcf/samsung-optical-drive-shs223q,,,16,48,,22/8/16/22/6/12/12,48/32
Pioneer BDR-S08XLT,https://pcpartpicker.com/product/CsqdnQ/pioneer-optical-drive-bdrs08xlt,,,,,,,
Samsung SN-208FB/BEBE,https://pcpartpicker.com/product/Lkh9TW/samsung-optical-drive-sn208fbbebe,,,8,24,,8/8/6/8/6/6/5,24/-
OcUK iHAS124-14,https://pcpartpicker.com/product/Tpdqqs/ocuk-optical-drive-ihas12414,,,16,48,,24/8/8/24/6/8/5,48/24
OcUK CD-005-OK,https://pcpartpicker.com/product/Z9xfrH/ocuk-optical-drive-cd005ok,,10,16,40,6/-/8/-,16/8/8/12/8/8/12,48/40
I/O Magic IDVD24S,https://pcpartpicker.com/product/RwrcCJ/io-magic-optical-drive-idvd24s,,,,,,24/8/16/24/1/16/12,48/32
Samsung SH-118CB/BEBE,https://pcpartpicker.com/product/gPx9TW/samsung-optical-drive-sh118cbbebe,,,18,48,,,
Lenovo 0A65618,https://pcpartpicker.com/product/7CmxFT/lenovo-optical-drive-0a65618,,,,,,16/12/12/16/12/12/12,48/40
Samsung SH-224FB/RSMS,https://pcpartpicker.com/product/dBZ2FT/samsung-optical-drive-sh224fbrsms,,,,,,24/8/8/24/8/8/5,48/24
Pioneer BDR-213EBK,https://pcpartpicker.com/product/WFWJ7P/pioneer-bdr-213ebk-bdr-213ebk,,,,,,,
LG GH22LP21,https://pcpartpicker.com/product/FQH323/lg-optical-drive-gh22lp21,,,16,48,,22/8/16/22/6/12/12,48/32
LG GH22NS70 OEM,https://pcpartpicker.com/product/3hzv6h/lg-optical-drive-gh22ns70oem,,,16,48,,22/8/8/22/6/8/12,48/32
LG GH24LS70,https://pcpartpicker.com/product/9bPfrH/lg-optical-drive-gh24ls70,,,16,48,,24/8/8/24/6/8/12,48/32
Lite-On IHBS112-29,https://pcpartpicker.com/product/Y3YXsY/lite-on-optical-drive-ihbs11229,,8,16,48,12/8/2/2,16/8/8/16/6/8/12,48/24
Lite-On iHAP122-04,https://pcpartpicker.com/product/tv9KHx/lite-on-optical-drive-ihap12204,,,16,48,,22/8/8/22/6/8/12,48/32
Lite-On iHAP222-06,https://pcpartpicker.com/product/ZVvRsY/lite-on-optical-drive-ihap22206,,,16,48,,22/8/8/22/6/8/12,48/32
Lite-On iHBS212-08,https://pcpartpicker.com/product/gVvRsY/lite-on-optical-drive-ihbs21208,,8,16,48,12/8/2/2,16/8/8/16/6/8/12,48/24
Pioneer BDR-206DBKS,https://pcpartpicker.com/product/86W9TW/pioneer-optical-drive-bdr206dbks,,8,16,40,12/12/2/2,16/8/8/16/6/8/-,40/24
Pioneer DVR-118LBK,https://pcpartpicker.com/product/m6W9TW/pioneer-optical-drive-dvr118lbk,,,22,40,,22/8/12/22/6/12/12,40/32
Plextor PX-B940SA-11,https://pcpartpicker.com/product/tMW9TW/plextor-optical-drive-pxb940sa11,,8,16,40,12/12/2/2,16/8/8/16/6/8/5,40/24
Samsung SH-222AL,https://pcpartpicker.com/product/N8tCmG/samsung-optical-drive-sh222al,,,16,48,,22/8/16/22/6/12/12,48/24
Sony AD-7261S-0B,https://pcpartpicker.com/product/6GZQzy/sony-optical-drive-ad7261s0b,,,16,48,,24/8/12/24/6/12/12,48/32
Sony AD-7690H-01,https://pcpartpicker.com/product/GpPfrH/sony-optical-drive-ad7690h01,,,8,24,,8/8/6/8/6/6/5,24/24
Sony AD-7710H-01,https://pcpartpicker.com/product/VjrG3C/sony-optical-drive-ad7710h01,,,8,24,,8/8/6/8/6/6/5,24/24
Sony BD-5300S-0B,https://pcpartpicker.com/product/wxBv6h/sony-optical-drive-bd5300s0b,,8,16,48,12/8/2/2,8/8/6/8/6/6/5,24/16
LG UH12LS28 OEM,https://pcpartpicker.com/product/kVvRsY/lg-optical-drive-uh12ls28oem,,12,16,48,,16/8/8/16/6/8/12,48/24
Plextor PX-L871A,https://pcpartpicker.com/product/vBBv6h/plextor-optical-drive-pxl871a,,,16,48,,22/8/12/22/6/12/12,48/24
Plextor PX-L890SA,https://pcpartpicker.com/product/X4Lypg/plextor-optical-drive-pxl890sa,,,16,48,,24/8/12/24/6/12/12,48/24
Sony DDU1681S-0B,https://pcpartpicker.com/product/mbPfrH/sony-optical-drive-ddu1681s0b,,,18,48,,,
Asus DRW-24B3LT/BLK/G/AS,https://pcpartpicker.com/product/dyn2FT/asus-optical-drive-drw24b3ltblkgas,,,16,48,,24/8/-/24/8/-/-,48/24
Lite-On iHAP422-98,https://pcpartpicker.com/product/BXw323/lite-on-optical-drive-ihap42298,,,16,48,,22/8/8/22/6/8/12,48/32
Lite-On iHAS-324-98B,https://pcpartpicker.com/product/Yv9KHx/lite-on-optical-drive-ihas32498b,,,16,48,,24/8/8/24/6/8/12,48/32
Plextor PX-L890SA R,https://pcpartpicker.com/product/hhzv6h/plextor-optical-drive-pxl890sar,,,16,48,,24/8/12/24/6/12/12,48/24
Samsung SH-S222A,https://pcpartpicker.com/product/gv9KHx/samsung-optical-drive-shs222a,,,16,48,,22/8/16/22/6/12/12,48/32
Lite-On iHDP118-04,https://pcpartpicker.com/product/f8Np99/lite-on-optical-drive-ihdp11804,,,18,48,,,
Lite-On iHDP118-08,https://pcpartpicker.com/product/kLQypg/lite-on-optical-drive-ihdp11808,,,18,48,,,
Asus DRW-22B3S/BLK/G/AS,https://pcpartpicker.com/product/3RW9TW/asus-optical-drive-drw22b3sblkgas,,,16,48,,22/8/12/22/6/12/12,48/24
Asus DRW-22B2Sb/BLK/B/AS,https://pcpartpicker.com/product/ywsKHx/asus-optical-drive-drw22b2sbblkbas,,,16,48,,22/8/12/22/6/12/12,48/32
Lite-On iHAS524-T98A,https://pcpartpicker.com/product/6hH323/lite-on-optical-drive-ihas524t98a,,,16,48,,24/8/12/24/6/12/12,48/32
MSI DH-24AAS-17 R,https://pcpartpicker.com/product/Z8V48d/msi-optical-drive-dh24aas17r,,,16,48,,24/8/12/24/6/12/12,48/32
Lite-On DC-8A2SH,https://pcpartpicker.com/product/vKrG3C/lite-on-optical-drive-dc8a2sh,,,8,24,,8/8/6/8/6/6/5,24/24
Lite-On iHES208-08,https://pcpartpicker.com/product/qKrG3C/lite-on-optical-drive-ihes20808,,8,16,48,,16/8/8/16/6/8/12,48/48
Sony BD-5750H,https://pcpartpicker.com/product/gRW9TW/sony-optical-drive-bd5750h,,6,8,24,6/6/2/2,8/8/6/8/6/6/5,24/16
Teac DV516E/S,https://pcpartpicker.com/product/xcphP6/teac-optical-drive-dv516es,,,16,48,,,
Memorex 98240-KIT,https://pcpartpicker.com/product/2yCwrH/memorex-optical-drive-98240kit,,,16,48,,24/8/8/24/6/8/-,48/32
Lite-On DS-8A8SH,https://pcpartpicker.com/product/qHyFf7/lite-on-optical-drive-ds8a8sh,,,8,24,,8/8/6/8/6/6/5,24/24
Memorex MRX-550L,https://pcpartpicker.com/product/rF2kcf/memorex-optical-drive-mrx550l,,,16,48,,24/8/-/24/6/-/-,48/32
Sony AD-7740H-01,https://pcpartpicker.com/product/R4bp99/sony-optical-drive-ad7740h01,,,8,,,8/-/-/8/-/-/-,
Samsung SH-222AL/RSBS,https://pcpartpicker.com/product/48V48d/samsung-optical-drive-sh222alrsbs,,,16,48,,22/8/16/22/6/12/12,48/24
Samsung SH-222AL/BSBE,https://pcpartpicker.com/product/4msKHx/samsung-optical-drive-sh222albsbe,,,16,48,,22/8/16/22/6/12/12,48/24
Samsung TS-HB43L/HPBHF,https://pcpartpicker.com/product/XzDwrH/samsung-optical-drive-tshb43lhpbhf,,,16,40,,16/8/8/16/8/8/12,40/-
HP 447326-B21,https://pcpartpicker.com/product/F8Np99/hp-optical-drive-447326b21,,,16,40,,,
Lite-On ihes108-29,https://pcpartpicker.com/product/BbJwrH/lite-on-optical-drive-ihes10829,,8,16,48,8/4/8/4,16/8/16/16/6/16/12,48/32
Lite-On iHAS324-99,https://pcpartpicker.com/product/QqvRsY/lite-on-optical-drive-ihas32499,,,16,48,,24/8/12/24/6/12/12,48/32
Lite-On iHAS524-06,https://pcpartpicker.com/product/YTLypg/lite-on-optical-drive-ihas52406,,,16,48,,24/8/12/24/6/12/12,48/32
Lite-On iHES212-08,https://pcpartpicker.com/product/4qvRsY/lite-on-optical-drive-ihes21208,,12,16,48,,16/8/8/16/6/8/12,48/24
Sony 5280S-CB-PLUS,https://pcpartpicker.com/product/sHH323/sony-optical-drive-5280scbplus,,,16,48,,24/8/12/24/6/12/-,48/32
LG CH12LS28,https://pcpartpicker.com/product/vwW9TW/lg-optical-drive-ch12ls28,,10,16,48,,16/8/8/16/6/8/12,48/24
Pioneer BDR-207DBKS,https://pcpartpicker.com/product/qg6BD3/pioneer-optical-drive-bdr207dbks,,10,16,40,12/12/2/2,16/8/8/16/6/8/-,40/24
Pioneer BDR-207,https://pcpartpicker.com/product/vcXfrH/pioneer-optical-drive-bdr207,,10,16,40,12/12/2/2,16/8/8/16/6/8/-,40/24
Pioneer BDR-2207,https://pcpartpicker.com/product/ZWkD4D/pioneer-optical-drive-bdr2207,,10,16,40,12/12/2/2,16/8/8/16/6/8/5,40/24
LG GH24NS72,https://pcpartpicker.com/product/4YkD4D/lg-optical-drive-gh24ns72,,,16,48,,24/6/8/24/8/24/-,48/32
Lite-On IHAS324-98,https://pcpartpicker.com/product/6z3RsY/lite-on-optical-drive-ihas32498,,,16,48,,24/8/-/24/6/-/-,48/32
Lite-On IHES312-98,https://pcpartpicker.com/product/pKw323/lite-on-optical-drive-ihes31298,,12,16,48,,16/8/8/16/6/8/12,48/24
MSI DH-24AS,https://pcpartpicker.com/product/hFV48d/msi-optical-drive-dh24as,,,16,48,,24/8/12/24/6/12/12,48/32
Samsung SH-222BB/RSBS,https://pcpartpicker.com/product/yp6BD3/samsung-optical-drive-sh222bbrsbs,,,16,48,,22/8/8/22/6/8/12,48/24
Samsung SH-224BB/RSBS,https://pcpartpicker.com/product/Y3PfrH/samsung-optical-drive-sh224bbrsbs,,,16,48,,24/8/8/24/6/8/12,48/24
Lite-On DS-8A9SH-01,https://pcpartpicker.com/product/8kphP6/lite-on-optical-drive-ds8a9sh01,,,8,24,,8/8/6/8/6/6/5,24/24
Pioneer BDR-208DBK,https://pcpartpicker.com/product/Kbbp99/pioneer-optical-drive-bdr208dbk,,12,16,40,15/14/2/2,16/8/8/16/6/8/-,40/24
Plextor PX-891SA-26,https://pcpartpicker.com/product/xNdqqs/plextor-optical-drive-px891sa26,,,16,48,,24/8/12/24/6/12/12,48/32
Plextor PX-891SA-28,https://pcpartpicker.com/product/k7Qypg/plextor-optical-drive-px891sa28,,,16,48,,24/8/12/24/6/12/12,48/32
LG GT80N,https://pcpartpicker.com/product/Q7K7YJ/lg-optical-drive-gt80n,,,8,24,,8/8/6/8/6/6/5,24/24
Samsung SH-118BB,https://pcpartpicker.com/product/ZdBv6h/samsung-optical-drive-sh118bb,,,18,48,,,
Samsung SN-208DB/BEBET,https://pcpartpicker.com/product/Xmbp99/samsung-optical-drive-sn208dbbebet,,,8,24,,8/8/6/8/6/6/5,24/24
Supermicro DVM-TEAC-824B,https://pcpartpicker.com/product/FdBv6h/supermicro-optical-drive-dvmteac824b,,,8,24,,,
Archgon CB-5021-GB,https://pcpartpicker.com/product/wT8Zxr/archgon-optical-drive-cb5021gb,,6,8,24,6/2/2/2,8/8/6/8/6/6/5,24/4
Archgon CB-5021-GD,https://pcpartpicker.com/product/D6YXsY/archgon-optical-drive-cb5021gd,,,8,24,,8/8/6/8/6/6/5,24/24
EVGA 100-OD-S101-BR,https://pcpartpicker.com/product/Zz2kcf/evga-optical-drive-100ods101br,,,,,,8/8/6/8/6/6/5,24/24
Pioneer BDR-S09XLT,https://pcpartpicker.com/product/VHYXsY/pioneer-optical-drive-bdrs09xlt,,,5,40,12/8/10/6,16/12/12/16/12/12/5,40/24
OcUK OcUKSATADVDRW,https://pcpartpicker.com/product/BGvRsY/ocuk-optical-drive-ocuksatadvdrw,,,16,40,,16/12/12/16/12/12/-,48/40
LG GH24NSB0B,https://pcpartpicker.com/product/JRfp99/lg-optical-drive-gh24nsb0b,,,16,48,,24/8/8/24/6/8/5,48/24
LG CU20N,https://pcpartpicker.com/product/fNGj4D/lg-optical-drive-cu20n,,6,8,24,,8/8/6/8/6/6/5,24/16
Lenovo 41N5618,https://pcpartpicker.com/product/L9Trxr/lenovo-optical-drive-41n5618,,,16,40,,,
Lite-On DH-4O1S-11,https://pcpartpicker.com/product/PccMnQ/lite-on-optical-drive-dh4o1s11,,4,12,32,,,
Asus BC-06B1ST,https://pcpartpicker.com/product/fPVBD3/asus-optical-drive-bc06b1st,,6,16,48,6/4/6/4,16/8/8/16/8/8/-,48/32
Sony AD-7200S-0B,https://pcpartpicker.com/product/GdDzK8/sony-optical-drive-ad7200s0b,,,,,,20/8/8/20/6/12/12,48/32
Teac BD-W512GSA,https://pcpartpicker.com/product/kBcMnQ/teac-optical-drive-bdw512gsa,,,,,12/8/2/2,16/8/8/16/6/8/-,48/24
Samsung SH-224FB/RSBS,https://pcpartpicker.com/product/K3bkcf/samsung-sh-224fbrsbs-dvdcd-writer-sh-224fbrsbs,,,16,48,,24/8/8/24/6/8/5,48/24
Asus DRW-24F1MT,https://pcpartpicker.com/product/BZvbt6/asus-drw-24f1mt-dvdcd-writer-drw-24f1mt,,,,,,24/8/8/24/6/8/5,48/24
