name,part_url,price,configuration,wattage,frequency_response,color
Kanto TUK,https://pcpartpicker.com/product/PyC48d/kanto-tuk-260-w-20-channel-speakers-ca-tukmb,982.99,2,260,"50,20",Black
Creative Labs Pebble 2.0,https://pcpartpicker.com/product/cwjJ7P/creative-labs-pebble-20-44w-2ch-speakers-51mf1680aa000,23.74,2,4.4,"100,17",Black
Logitech Z207 (Black),https://pcpartpicker.com/product/gvDJ7P/logitech-z207-black-001w-2ch-speakers-980-001294,73.99,2,0.01,,Black
Kanto TUK,https://pcpartpicker.com/product/JCYmP6/kanto-tuk-260-w-20-channel-speakers-ca-tukmw,899.99,2,260,"50,20",White / Black
Logitech Z906,https://pcpartpicker.com/product/3DPfrH/logitech-speakers-980000467,475.99,5.1,500,"35,20",
Creative Labs Pebble 2.0,https://pcpartpicker.com/product/fwjJ7P/creative-labs-pebble-20-44w-2ch-speakers-51mf1680aa001,30.74,2,4.4,"100,17",White
Razer Leviathan V2 X,https://pcpartpicker.com/product/qjfnTW/razer-leviathan-v2-x-65-w-20-channel-speakers-rz05-04280100-r3u1,96,2,65,"85,20",Black
SteelSeries Arena 9 EU,https://pcpartpicker.com/product/VDkH99/steelseries-arena-9-eu-51-channel-speakers-61549,961.97,5.1,,"35,20",Black
Edifier MR4,https://pcpartpicker.com/product/7Tn9TW/edifier-mr4-42-w-speakers-mr4-black,156.99,2,42,"60,20",Black
Edifier MR4,https://pcpartpicker.com/product/V788TW/edifier-mr4-42-w-speakers-mr4-white,173.99,2,42,"60,20",White
Logitech S150,https://pcpartpicker.com/product/bY3gXL/logitech-s150-24-w-speakers-980-001004,15.99,2,2.4,"90,20",Black
Logitech Z623,https://pcpartpicker.com/product/svBv6h/logitech-speakers-980000402,213.99,2.1,200,"35,20",
Klipsch R-51PM,https://pcpartpicker.com/product/sf3H99/klipsch-r-51pm-120-w-20-channel-speakers-r-51pm,534.99,2,120,"68,21",Black
Creative Labs Pebble Plus,https://pcpartpicker.com/product/bpNYcf/creative-labs-pebble-plus-8-w-21-channel-speakers-mf0480,49.99,2.1,8,"50,20",Black
AmazonBasics U213,https://pcpartpicker.com/product/q6848d/amazonbasics-u213-22-w-20-channel-speakers-u213,23.98,2,2.2,"103,20",Black
Razer Leviathan V2 Pro,https://pcpartpicker.com/product/XFJgXL/razer-leviathan-v2-pro-0-nw-51-channel-speakers-rz05-04160100-r3u1,,5.1,,"40,20",Black
SteelSeries Arena 9 US,https://pcpartpicker.com/product/7vqrxr/steelseries-arena-9-us-51-channel-speakers-61547,612.99,5.1,,"35,20",Black
Lenovo M0520,https://pcpartpicker.com/product/B7tCmG/lenovo-speakers-57y6360,15.61,2,2,"90,20",
Kanto REN,https://pcpartpicker.com/product/cHbypg/kanto-ren-200-w-speakers-renmo,699.99,2,200,"50,22",Orange
Logitech G560,https://pcpartpicker.com/product/7yqhP6/logitech-g560-0w-21ch-speakers-980-001300,308.99,2.1,120,"40,18",Black
Creative Labs Pebble Pro,https://pcpartpicker.com/product/Ps88TW/creative-labs-pebble-pro-30-w-speakers-51mf1710aa001,88.99,2,30,"80,20",Black / Copper
Redragon GS814,https://pcpartpicker.com/product/mZHp99/redragon-gs814-20-w-speakers-gs814,40.99,2,20,"20,20",Black
Sony HT-S100F Soundbar,https://pcpartpicker.com/product/NYKscf/sony-ht-s100f-soundbar-44-w-speakers-ht-s100f,128,2,44,"20,20",Black
Razer Leviathan V2,https://pcpartpicker.com/product/gG7G3C/razer-leviathan-v2-65-w-21-channel-speakers-rz05-03920100-r3u1,301.99,2.1,65,"45,20",Black
Logitech Z313,https://pcpartpicker.com/product/PzJwrH/logitech-speakers-980000382,78.99,2.1,25,"48,20",
Logitech Z407,https://pcpartpicker.com/product/yp8bt6/logitech-z407-40-w-21-channel-speakers-980-001347,133.99,2.1,40,"40,20",Black
Creative Labs Pebble V2,https://pcpartpicker.com/product/XGzFf7/creative-labs-pebble-v2-8-w-speakers-51mf1695aa000,33.24,2,8,"100,17",Black / Copper
Creative Labs Pebble V3,https://pcpartpicker.com/product/Fhnypg/creative-labs-pebble-v3-8-w-20-channel-speakers-51mf1700aa001,42.74,2,8,"100,17",Black / Copper
Kanto REN,https://pcpartpicker.com/product/shdMnQ/kanto-ren-200-w-speakers-renmw,809.99,2,200,"50,22",White
Kanto REN,https://pcpartpicker.com/product/DZjv6h/kanto-ren-200-w-speakers-renmu,788.99,2,200,"50,22",Blue
Logitech Z625,https://pcpartpicker.com/product/TjkwrH/logitech-z625-200w-21ch-speakers-980-001258,251.99,2.1,200,,
Logitech Z150,https://pcpartpicker.com/product/Byp323/logitech-speakers-980000802,36.99,2,,,
Creative Labs Stage Air V2,https://pcpartpicker.com/product/gwP8TW/creative-labs-stage-air-v2-10-w-speakers-51mf8395aa000,69.74,2,10,"80,20",Black
Creative Labs T60,https://pcpartpicker.com/product/KmWJ7P/creative-labs-t60-60-w-speakers-51mf1705aa001,117.99,2,60,"50,20",Black / Gold
Edifier R1280DB-Brown,https://pcpartpicker.com/product/GVqPxr/edifier-r1280db-brown-42-w-20-channel-speakers-r1280db-brown,233.99,2,42,"55,20",Brown / Black
Edifier G2000,https://pcpartpicker.com/product/j7gZxr/edifier-g2000-32-w-speakers-g2000-white,135.99,2,32,"98,20",White
Audioengine A5+ Black,https://pcpartpicker.com/product/CqGkcf/audioengine-a5-black-150-w-speakers-a5plus-black,493,2,150,"50,22",Black
Logitech Z533,https://pcpartpicker.com/product/hgtWGX/logitech-speakers-980001053,187.09,2.1,60,"55,20",
Creative Labs Sound Blaster GS5 RGB Soundbar,https://pcpartpicker.com/product/vDwD4D/creative-labs-sound-blaster-gs5-rgb-soundbar-60-w-speakers-mf8470,94.99,2,60,"65,20",Black
Klipsch ProMedia 2.1,https://pcpartpicker.com/product/y2vRsY/klipsch-speakers-promedia21,,2.1,120,"31,20",
Razer NOMMO CHROMA,https://pcpartpicker.com/product/FLprxr/razer-nommo-0w-2ch-speakers-rz05-02460100-r3u1,119.99,2,,"20,20",Black
AmazonBasics V620,https://pcpartpicker.com/product/gcjRsY/amazonbasics-v620-24-w-speakers-v620black,,2,2.4,"80,20",Black
Edifier G2000,https://pcpartpicker.com/product/W8sMnQ/edifier-g2000-32-w-speakers-g2000,115.99,2,32,"98,20",Black
Trust GXT 606 JAVV,https://pcpartpicker.com/product/3RtLrH/trust-gxt-606-javv-6-w-speakers-25108,121.73,2,6,"160,20",Black
Yamaha HS8,https://pcpartpicker.com/product/pp8H99/yamaha-speakers-hs8,497.99,2,120,"38,30",
Kanto REN,https://pcpartpicker.com/product/wgKnTW/kanto-ren-200-w-speakers-renmb,762.99,2,200,"50,22",Black
Edifier R1700BT,https://pcpartpicker.com/product/RXbCmG/edifier-r1700bt-66-w-20-channel-speakers-r1700bt,219.99,2,66,"60,20",Black / Brown
Logitech Z323,https://pcpartpicker.com/product/yx8Zxr/logitech-speakers-980000354,90.72,2.1,30,"55,20",
Razer Nommo V2 Pro,https://pcpartpicker.com/product/ymFmP6/razer-nommo-v2-pro-21-channel-speakers-rz05-04740100-r3u1,478.99,2.1,,"40,20",Black
Creative Labs Pebble V3,https://pcpartpicker.com/product/pwDQzy/creative-labs-pebble-v3-16-w-speakers-51mf1700aa003,56.74,2,16,"100,17",White / Copper
Edifier S351DB,https://pcpartpicker.com/product/7M62FT/edifier-s351db-150-w-21-channel-speakers-s351db,553.99,2.1,150,"40,20",Black
Yamaha NS-SP1800,https://pcpartpicker.com/product/49Crxr/yamaha-ns-sp1800-550w-51ch-speakers-ns-sp1800,,5.1,550,"28,50",
Kanto ORA4,https://pcpartpicker.com/product/4bvscf/kanto-ora4-140-w-speakers-ora4mw,343,2,140,"60,22",White
Cyber Acoustics CA-2014rb,https://pcpartpicker.com/product/mKzv6h/cyber-acoustics-speakers-ca2014rb,18.98,2,4,"85,18",
Edifier S350DB,https://pcpartpicker.com/product/r4cRsY/edifier-s350db-150-w-21-channel-speakers-s350db,459.99,2.1,150,"40,20",Black / Brown
Logitech S-150,https://pcpartpicker.com/product/hj6BD3/logitech-speakers-980000028,15.99,2,1.2,"90,20",
Edifier R1280DB-Black,https://pcpartpicker.com/product/Lfstt6/edifier-r1280db-black-42-w-20-channel-speakers-r1280db-black,229.99,2,42,"55,20",Black
Cyber Acoustics CA-3090,https://pcpartpicker.com/product/Fy6BD3/cyber-acoustics-speakers-ca3090,45.99,2.1,10,"160,20",
Yamaha HS8 W,https://pcpartpicker.com/product/hNGxFT/yamaha-hs8-w-120w-1ch-speakers-hs8-w,478.99,1,120,"38,30",
SteelSeries Arena 7 US,https://pcpartpicker.com/product/cCBG3C/steelseries-arena-7-us-21-channel-speakers-61541,299,2.1,,"35,20",Black
Bose Companion 2 Series III,https://pcpartpicker.com/product/267wrH/bose-speakers-3544951100,,2,,,
Creative Labs Sound Blaster Katana V2X,https://pcpartpicker.com/product/TRsV3C/creative-labs-sound-blaster-katana-v2x-90-w-21-channel-speakers-51mf8400aa000,306.99,2.1,90,"50,20",Black
ADAM Audio D3V,https://pcpartpicker.com/product/DpFCmG/adam-audio-d3v-240-w-speakers-ams-d3v-black,359.99,2,240,"45,23.2",Black
Logitech Z200,https://pcpartpicker.com/product/bv38TW/logitech-z200-10-w-20-channel-speakers-980-000800,,2,10,"20,20",
PreSonus Eris 3.5 2nd Gen,https://pcpartpicker.com/product/RW88TW/presonus-eris-35-2nd-gen-50-w-speakers-2777500121,114.99,2,50,"80,20",Black / Blue
Creative Labs Sound Blaster GS3,https://pcpartpicker.com/product/72fV3C/creative-labs-sound-blaster-gs3-24-w-speakers-51mf8465aa000,73.74,2,24,"65,20",Black
Kanto YU2MW,https://pcpartpicker.com/product/22ndnQ/kanto-yu2mw-50w-2ch-speakers-yu2mw,198.5,2,50,"80,20",White / Black
Kanto ORA4,https://pcpartpicker.com/product/YjXMnQ/kanto-ora4-140-w-speakers-ora4mb,471.99,2,140,"60,22",Black
Edifier R980T,https://pcpartpicker.com/product/v4NxFT/edifier-r980t-24-w-20-channel-speakers-r980t,113.99,2,24,"70,20",Black
Edifier G2000,https://pcpartpicker.com/product/6Fy8TW/edifier-g2000-32-w-speakers-g2000-pink,149.99,2,32,"98,20",Pink
Razer Nommo V2 X,https://pcpartpicker.com/product/Pyqrxr/razer-nommo-v2-x-speakers-rz05-04760100-r3u1,149.99,2,,"75,20",Black
Audioengine A2+B,https://pcpartpicker.com/product/QygPxr/audioengine-a2b-60w-2ch-speakers-a2b,,2,60,"65,22",
Logitech Z207 (White),https://pcpartpicker.com/product/qCZFf7/logitech-z207-white-001w-2ch-speakers-980-001291,,2,0.01,,White
Logitech S120,https://pcpartpicker.com/product/X2vRsY/logitech-speakers-980000012,,2,2.3,"50,20",
Yamaha HS5,https://pcpartpicker.com/product/XNqbt6/yamaha-speakers-hs5,230.99,1,70,"54,30",
ADAM Audio D3V,https://pcpartpicker.com/product/Csjv6h/adam-audio-d3v-240-w-speakers-ams-d3v-white,349.99,2,240,"45,23.2",White
Logitech Z333,https://pcpartpicker.com/product/K6RFf7/logitech-speakers-980001203,,2.1,40,"55,20",
Creative Labs SXFI Carrier,https://pcpartpicker.com/product/Kzh2FT/creative-labs-sxfi-carrier-450-w-21-channel-speakers-51mf8345aa000,,2.1,450,"25,20",Black
SteelSeries Arena 3 US,https://pcpartpicker.com/product/qymmP6/steelseries-arena-3-us-speakers-61534,135.44,2,,"50,20",Black
Logitech Z506,https://pcpartpicker.com/product/YwLypg/logitech-speakers-980000430,,5.1,155,"45,20",
JBL LSR305,https://pcpartpicker.com/product/b6RFf7/jbl-speakers-lsr305,,2,82,"43,24",
Logitech Z213,https://pcpartpicker.com/product/KcQypg/logitech-speakers-980000941,,2.1,7,"65,20",
NZXT Relay,https://pcpartpicker.com/product/gzZXsY/nzxt-relay-80-w-speakers-ap-spkb2-us,,2,80,"70,20",Black
Yamaha HS5 W,https://pcpartpicker.com/product/v7PKHx/yamaha-hs5-w-70w-1ch-speakers-hs5-w,204.99,1,70,"54,30",
Audioengine A5+ White,https://pcpartpicker.com/product/wHXfrH/audioengine-a5-white-150-w-speakers-a5plus-white,458,2,150,"50,22",White
Creative Labs T100,https://pcpartpicker.com/product/NnGnTW/creative-labs-t100-40-w-speakers-t100,104.49,2,40,"50,20",Black
Kanto YU2MB,https://pcpartpicker.com/product/7vc48d/kanto-yu2mb-50w-2ch-speakers-yu2mb,210.5,2,50,"80,20",Black
Creative Labs Creative Stage,https://pcpartpicker.com/product/Xtstt6/creative-labs-creative-stage-80-w-21-channel-speakers-mf8360,,2.1,80,"55,20",Black
Cyber Acoustics CA-2016WB,https://pcpartpicker.com/product/dwLypg/cyber-acoustics-speakers-ca2016wb,20.32,2,3,"260,20",
Corsair Gaming Audio Series SP2500,https://pcpartpicker.com/product/Gj6BD3/corsair-speakers-casp211na,,2.1,232,"35,20",
Razer Leviathan,https://pcpartpicker.com/product/BFTrxr/razer-speakers-rz0501260100r3u1,,5.1,60,"180,20",
Audioengine A2+W,https://pcpartpicker.com/product/GpH48d/audioengine-speakers-a2w,,2,60,"65,22",
Razer Nommo V2,https://pcpartpicker.com/product/djNYcf/razer-nommo-v2-21-channel-speakers-rz05-04750100-r3u1,372.99,2.1,,"40,20",Black
Trust Gemi,https://pcpartpicker.com/product/Z4FmP6/trust-gemi-12-w-speakers-22948,81.99,2,12,"20,20",Black
JBL C2PS,https://pcpartpicker.com/product/L7BTwP/jbl-c2ps-70w-2ch-speakers-c2ps,334.99,2,70,"80,20",Black
Onkyo GX-30ARC,https://pcpartpicker.com/product/2n62FT/onkyo-gx-30arc-50-w-speakers-gx30arcbcuu,329.99,2,50,"20,20",Black
Creative Labs Creative Stage V2,https://pcpartpicker.com/product/hND7YJ/creative-labs-creative-stage-v2-80-w-21-channel-speakers-mf8375,111.49,2.1,80,"55,20",Black
Onkyo GX-10DB,https://pcpartpicker.com/product/rXkqqs/onkyo-gx-10db-34-w-speakers-gx10dbwcuu,243.99,2,34,"20,20",White
Edifier R33BT,https://pcpartpicker.com/product/zxmNnQ/edifier-r33bt-10-w-speakers-r33bt,106.99,2,10,"70,20",Black
Audioengine HD3-BLK,https://pcpartpicker.com/product/Hy848d/audioengine-hd3-blk-60-w-20-channel-speakers-hd3-blk,359,2,60,"65,22",Black
Edifier S880DB MKII,https://pcpartpicker.com/product/8LHp99/edifier-s880db-mkii-88-w-speakers-s880db-mkii,483.99,2,88,"50,40",White
AmazonBasics V216US,https://pcpartpicker.com/product/gTJmP6/amazonbasics-v216us-22-w-20-channel-speakers-v216us,39.39,2,4.6,"68,20",Black
ADAM Audio T8V,https://pcpartpicker.com/product/Rv3NnQ/adam-audio-t8v-180-w-speaker-11103410,402.99,1,180,"33,25",Black
PreSonus Eris E3.5 BT,https://pcpartpicker.com/product/jmfFf7/presonus-eris-e35-bt-50-w-20-channel-speakers-eris-e35-bt,,2,50,"80,20",Black
AmazonBasics V620,https://pcpartpicker.com/product/q24Zxr/amazonbasics-v620-24-w-speakers-v620silver,,2,2.4,"80,20",Silver
M-Audio BX5 D2,https://pcpartpicker.com/product/sgvRsY/m-audio-speaker-bx5d2,,2,140,"56,22",
NZXT Relay,https://pcpartpicker.com/product/RgP8TW/nzxt-relay-140-w-speaker-ap-sub80-us,,1,140,"45,150",Black
Audioengine A5+ Bamboo,https://pcpartpicker.com/product/DfqdnQ/audioengine-a5-bamboo-150-w-speakers-a5plus-bamboo,469,2,150,"50,22",Brown / Black
Kanto YU2GW,https://pcpartpicker.com/product/x2ndnQ/kanto-yu2gw-50w-2ch-speakers-yu2gw,189.99,2,50,"80,20",White / Black
Audioengine HD3-CHR,https://pcpartpicker.com/product/pcBhP6/audioengine-hd3-chr-60-w-20-channel-speakers-hd3-chr,,2,60,"65,22",Red / Black
Creative Labs Sound Blaster Katana V2,https://pcpartpicker.com/product/tyNxFT/creative-labs-sound-blaster-katana-v2-126-w-21-channel-speakers-mf8380,,2.1,126,"50,20",
Creative Labs Inspire T10,https://pcpartpicker.com/product/FbmLrH/creative-labs-speakers-51mf1601aa000,,2,10,"80,20",
KEF LSXBL,https://pcpartpicker.com/product/FJrYcf/kef-lsxbl-200-w-20-channel-speakers-lsxbl,,2,200,"49,47",Black
Onkyo GX-30ARC,https://pcpartpicker.com/product/bDZWGX/onkyo-gx-30arc-50-w-speakers-gx30arcwcuu,434,2,50,"20,20",White
IK Multimedia IP-ILOUD-MM-IN,https://pcpartpicker.com/product/L3L48d/ik-multimedia-ip-iloud-mm-in-70-w-2ch-speakers-ip-iloud-mm-in,368.99,2,70,"45,22",Black
SteelSeries Arena 7 UK,https://pcpartpicker.com/product/97pQzy/steelseries-arena-7-uk-21-channel-speakers-61542,,2.1,,"35,20",Black
Kanto ORA,https://pcpartpicker.com/product/msYfrH/kanto-ora-100-w-speakers-oramb,384.99,2,100,"70,22",Black
Creative Labs GigaWorks T40 Series II,https://pcpartpicker.com/product/9tvRsY/creative-labs-speakers-51mf1615aa002,143.99,2,32,"50,20",
Edifier S760D,https://pcpartpicker.com/product/fFFKHx/edifier-s760d-540-w-51-channel-speakers-s760d,,5.1,540,"42,20",Black / Silver
Yamaha HS7,https://pcpartpicker.com/product/HK4NnQ/yamaha-speakers-hs7,378.99,2,95,"43,30",
Pioneer DM-50D-BT,https://pcpartpicker.com/product/krYRsY/pioneer-dm-50d-bt-50-w-speakers-dm-50d-bt-w,,2,50,"60,20",White
Trust Asto Soundbar,https://pcpartpicker.com/product/44Wrxr/trust-asto-soundbar-24w-2ch-speakers-21046,,2,24,"20,20",
Mackie CR5-XBT,https://pcpartpicker.com/product/hxmmP6/mackie-cr5-xbt-80-w-20-channel-speakers-cr5-xbt,,2,80,"50,20",Green / Black
Kanto ORA,https://pcpartpicker.com/product/x3CCmG/kanto-ora-100-w-speakers-oramp,302.99,2,100,"70,22",Pink / Black
Logitech Z120,https://pcpartpicker.com/product/Q3p323/logitech-z120-0w-2ch-speakers-980-000513,,2,,,
Audioengine HD3-WHT,https://pcpartpicker.com/product/ggZzK8/audioengine-hd3-wht-60-w-20-channel-speakers-hd3-wht,359,2,60,"65,22",White / Black
Creative Labs Stage 360,https://pcpartpicker.com/product/sL9wrH/creative-labs-stage-360-180-w-21-channel-speakers-51mf8385aa001,179.99,2.1,180,"50,20",Black
Kanto REN,https://pcpartpicker.com/product/Cdtkcf/kanto-ren-200-w-speakers-renmg,826.99,2,200,"50,22",Gray
Micca COVO-S,https://pcpartpicker.com/product/LC648d/micca-covo-s-100w-2ch-speakers-covo-s,70.99,2,100,"90,20",
Micca MB42X,https://pcpartpicker.com/product/fjp323/micca-speakers-mb42x,99.99,2,150,"60,20",
PreSonus 3.5BT 2nd Gen,https://pcpartpicker.com/product/gLhv6h/presonus-35bt-2nd-gen-50-w-speakers-eris-35bt,,2,50,"80,20",Black
Edifier S550,https://pcpartpicker.com/product/fYn2FT/edifier-speakers-s550,,5.1,280,"20,20",
Logitech THX Z-5300e,https://pcpartpicker.com/product/YDcMnQ/logitech-speakers-9701021403,,5.1,280,"35,20",
NZXT Relay,https://pcpartpicker.com/product/qhjRsY/nzxt-relay-80-w-speakers-ap-spkw2-us,,2,80,"70,20",White / Black
Creative Labs SBS E2900,https://pcpartpicker.com/product/GBLFf7/creative-labs-sbs-e2900-60-w-21-channel-speakers-51mf0490aa002,119.98,2.1,60,"50,20",Black
Mackie CR4-XBT,https://pcpartpicker.com/product/YT8bt6/mackie-cr4-xbt-50-w-20-channel-speakers-cr4-xbt,,2,50,"60,20",Black / Green
Syba CL-SPK20069,https://pcpartpicker.com/product/rmXfrH/syba-speakers-clspk20069,,2,3.4,"280,16",
PreSonus Eris E4.5,https://pcpartpicker.com/product/pt8H99/presonus-speakers-erise45,,2,50,"70,20",
Bose Companion 5,https://pcpartpicker.com/product/vd3RsY/bose-companion-5-0w-21ch-speakers-40326,,2.1,,,Black / Gray
Cyber Acoustics CA-3810,https://pcpartpicker.com/product/KGV2FT/cyber-acoustics-ca-3810-40-w-21-channel-speakers-ca-3810,96.98,2.1,40,"45,20",Black
Logitech X-540,https://pcpartpicker.com/product/nLPzK8/logitech-speakers-9702230403,,5.1,70,"40,20",
Kanto YU2MG,https://pcpartpicker.com/product/rmvbt6/kanto-yu2mg-50w-2ch-speakers-yu2mg,245.54,2,50,"80,20",Silver / Black
Audioengine HD3-WAL,https://pcpartpicker.com/product/tG2bt6/audioengine-hd3-wal-60-w-20-channel-speakers-hd3-wal,,2,60,"65,22",Brown / Black
Micca MB42,https://pcpartpicker.com/product/nrVBD3/micca-speakers-mb42,79.98,2,150,"60,20",
Trust GXT 612 CETIC,https://pcpartpicker.com/product/FPkH99/trust-gxt-612-cetic-10-w-speakers-24970,,2,10,"20,20",Black
Creative Labs GigaWorks T20 Series II,https://pcpartpicker.com/product/7p7wrH/creative-labs-speakers-51mf1610aa002,,2,28,"50,20",
Audioengine A2 (Black),https://pcpartpicker.com/product/hdBv6h/audioengine-speakers-a2b,,2,60,"65,22",
Edifier R2750DB,https://pcpartpicker.com/product/QBLp99/edifier-r2750db-136-w-speakers-r2750db,,2,136,"45,20",Black
Edifier G2000,https://pcpartpicker.com/product/zgNscf/edifier-g2000-32-w-speakers-g2000-red,94.99,2,32,"98,20",Red
Insignia NS-PCS21,https://pcpartpicker.com/product/CTdG3C/insignia-ns-pcs21-8-w-21-channel-speakers-ns-pcs21,72.98,2.1,8,"90,18",Black
Gigabyte GP-S2000,https://pcpartpicker.com/product/nGphP6/gigabyte-speakers-gps2000,,2,4,"100,20",
Logitech Z-5500,https://pcpartpicker.com/product/JPs8TW/logitech-speakers-z5500,,5.1,505,"33,20",
Mackie CR3,https://pcpartpicker.com/product/mjp323/mackie-cr3-50-w-speakers-cr3,,2,50,"80,20",
Logitech X-230,https://pcpartpicker.com/product/6hkwrH/logitech-speakers-x230,,2.1,32,"40,20",
Creative Labs Sound BlasterX Katana,https://pcpartpicker.com/product/PKmxFT/creative-labs-sound-blasterx-katana-0w-21ch-speakers-51mf8245aa000,,2.1,,,
Logitech S-220,https://pcpartpicker.com/product/827CmG/logitech-s-220-17-w-21-channel-speakers-s-220,,2.1,17,"85,15",Black
Logitech Z337 w/BlueTooth,https://pcpartpicker.com/product/Cqx9TW/logitech-z337-wbluetooth-40w-21ch-speakers-980-001260,,2.1,40,,
Creative Labs Inspire T6300,https://pcpartpicker.com/product/GGyFf7/creative-labs-inspire-t6300-57w-51ch-speakers-51mf4115aa002,,5.1,57,"50,20",Black
Kanto YU2GT,https://pcpartpicker.com/product/8jCD4D/kanto-yu2gt-50w-2ch-speakers-yu2gt,,2,50,"80,20",Blue / Black
Edifier S880DB,https://pcpartpicker.com/product/DkF48d/edifier-s880db-20-w-2ch-speakers-s880db,,2,20,"55,20",White / Brown
KEF LSXGRN,https://pcpartpicker.com/product/RNCFf7/kef-lsxgrn-200-w-20-channel-speakers-lsxgrn,,2,200,"49,47",Green / Black
SteelSeries Arena 7 EU,https://pcpartpicker.com/product/3H88TW/steelseries-arena-7-eu-21-channel-speakers-61543,,2.1,,"35,20",Black
Logitech X-140,https://pcpartpicker.com/product/Jk2kcf/logitech-speakers-9702640403,,2,4,"80,18",
Harman Kardon SoundSticks III,https://pcpartpicker.com/product/Vj6BD3/harman-kardon-speakers-soundsticksiii,,2.1,40,"44,20",
KRK RP5 G2,https://pcpartpicker.com/product/cVjG3C/krk-speakers-rp5g2,,2,90,"52,20",
Edifier R19U,https://pcpartpicker.com/product/xntWGX/edifier-speakers-r19u,,2,4,"150,20",
Logitech X-530,https://pcpartpicker.com/product/m898TW/logitech-x-530-701w-51ch-speakers-x-530,,5.1,70.1,"40,20",
Vanatoo Transparent One Encore,https://pcpartpicker.com/product/8CXJ7P/vanatoo-transparent-one-encore-240-w-20-channel-speakers-t1e-black,,2,240,"48,20",Black
ADAM Audio A7X,https://pcpartpicker.com/product/cGKKHx/adam-audio-a7x-300-w-10-channel-speakers-a7x,,1,300,"42,50",Black
SteelSeries Arena 7 AU,https://pcpartpicker.com/product/F4BzK8/steelseries-arena-7-au-21-channel-speakers-61544,,2.1,,"35,20",Black
Kanto ORA,https://pcpartpicker.com/product/8NG2FT/kanto-ora-100-w-speakers-oramw,326.77,2,100,"70,22",White / Black
Mackie MR624,https://pcpartpicker.com/product/kjGxFT/mackie-mr624-0065w-1ch-speakers-2048420-00,249.99,1,65,"38,20",Black
Razer NOMMO PRO,https://pcpartpicker.com/product/cX66Mp/razer-nommo-pro-0-nw-21ch-speakers-rz05-02470100-r3u1,,2.1,,"35,20",Black
Genius 31730027102,https://pcpartpicker.com/product/8bmLrH/genius-speakers-31730027102,,2,30,"50,20",
Logitech Z130,https://pcpartpicker.com/product/s8phP6/logitech-speakers-980000417,,2,5,"140,18",
Logitech Z523,https://pcpartpicker.com/product/4GphP6/logitech-speakers-980000319,,2.1,40,"48,20",
M-Audio Studiophile AV30,https://pcpartpicker.com/product/Ck2kcf/m-audio-speaker-av30,,2,20,"90,20",
Logitech Z-2300,https://pcpartpicker.com/product/6y4NnQ/logitech-speakers-z2300,,2.1,200,,
Altec Lansing VS3030,https://pcpartpicker.com/product/kH98TW/altec-lansing-vs3030-0w-2ch-speakers-vs3030,,2,,,
Razer Nommo,https://pcpartpicker.com/product/r9848d/razer-nommo-0-nw-20-channel-speakers-rz05-02450100-r3g1,,2,,"50,20",Black
KEF LSXWH,https://pcpartpicker.com/product/7rFKHx/kef-lsxwh-200-w-20-channel-speakers-lsxwh,,2,200,"49,47",White / Black
Trust GXT 606 JAVV,https://pcpartpicker.com/product/R4TZxr/trust-gxt-606-javv-6-w-speakers-23379,,2,6,"160,20",Gray / Black
Onkyo GX-10DB,https://pcpartpicker.com/product/ksh2FT/onkyo-gx-10db-34-w-speakers-gx10dbbcuu,259,2,34,"20,20",Black
Fluance SX6-BK,https://pcpartpicker.com/product/Tjp323/fluance-speakers-sx6bk,149.99,2,100,"50,20",
Creative Labs Inspire T6160,https://pcpartpicker.com/product/VGphP6/creative-labs-speakers-51mf4105aa002,,5.1,50,"40,20",
Creative Labs A220,https://pcpartpicker.com/product/3gvRsY/creative-labs-speakers-51mf0400aa002,,2.1,9,"40,20",
Cyber Acoustics CA-2014WB,https://pcpartpicker.com/product/ky6BD3/cyber-acoustics-speakers-ca2014wb,,2,1.5,"85,18",
Genius SP-HF1800A,https://pcpartpicker.com/product/XN8Zxr/genius-speakers-31730936100,,2,50,"20,20",
Genius SW-G2.1,https://pcpartpicker.com/product/b6Gkcf/genius-speakers-31731016101,,2.1,70,"35,20",
KRK VXT 8,https://pcpartpicker.com/product/vvPfrH/krk-speakers-vxt8,,2,360,"37,22",
Behringer MS16,https://pcpartpicker.com/product/4y4NnQ/behringer-speakers-ms16,129,2,16,"80,20",
JBL LSR4328P/PAK,https://pcpartpicker.com/product/dbKhP6/jbl-speakers-lsr4328ppak,,2,140,"50,20",
Creative Labs A250,https://pcpartpicker.com/product/CL98TW/creative-labs-a250-9w-21ch-speakers-51mf0420aa002,,2.1,9,"40,20",
Microlab FC 330,https://pcpartpicker.com/product/H34NnQ/microlab-fc-330-64w-21ch-speakers-microlabfc330,,2.1,64,"35,20",
Genius SP-U115,https://pcpartpicker.com/product/rbtWGX/genius-sp-u115-0w-2ch-speakers-sp-u115,,2,,"200,18",
Swan Speakers M50W,https://pcpartpicker.com/product/ZyKcCJ/swan-speakers-m50w-114w-21ch-speakers-m50w,,2.1,114,"38,20",Brown / Black
Kanto YU2Bamboo,https://pcpartpicker.com/product/VDF48d/kanto-yu2bamboo-50w-2ch-speakers-yu2bamboo,,2,50,"80,20",Brown / Black
Kanto YU2GB,https://pcpartpicker.com/product/m397YJ/kanto-yu2gb-50w-2ch-speakers-yu2gb,246.99,2,50,"80,20",Black
JBL Pebbles,https://pcpartpicker.com/product/gWdxFT/jbl-pebbles-0w-2ch-speakers-jblpebblesblkam,,2,,"70,20",Black / Red
KEF LSXRED,https://pcpartpicker.com/product/9jFKHx/kef-lsxred-200-w-20-channel-speakers-lsxred,,2,200,"49,47",Red / Black
HiFiMAN X100,https://pcpartpicker.com/product/YKvqqs/hifiman-x100-11-w-21-channel-speakers-x100,,2.1,11,"20,20",Black
SteelSeries Arena 3 EU,https://pcpartpicker.com/product/qbCZxr/steelseries-arena-3-eu-speakers-61536,237.76,2,,"50,20",Black
Pioneer DM-50D-BT,https://pcpartpicker.com/product/xqBzK8/pioneer-dm-50d-bt-50-w-speakers-dm-50d-bt,,2,50,"60,20",Black
Vanatoo Transparent Zero Plus,https://pcpartpicker.com/product/cnyH99/vanatoo-transparent-zero-plus-96-w-speakers-t0pb,515.99,2,96,"52,20",Black
Kanto ORA,https://pcpartpicker.com/product/kMpD4D/kanto-ora-100-w-speakers-oraml,389.99,2,100,"70,22",Purple / Black
Kanto ORA,https://pcpartpicker.com/product/rFTFf7/kanto-ora-100-w-speakers-oramr,422.99,2,100,"70,22",Red / Black
M-Audio BX5 D3,https://pcpartpicker.com/product/BB448d/m-audio-bx5-d3-01w-1ch-speakers-bx5-d3,,1,100,"52,35",Black
Creative Labs T12,https://pcpartpicker.com/product/x2vRsY/creative-labs-speakers-51mf1650aa002,,2,18,"20,20",
Creative Labs A60,https://pcpartpicker.com/product/RYvRsY/creative-labs-speakers-51mf1635aa003,,2,4,"90,20",
Logitech Z553,https://pcpartpicker.com/product/xVxfrH/logitech-speakers-980000649,,2.1,40,"55,17",
Microlab SP-FC20BK,https://pcpartpicker.com/product/4mXfrH/microlab-speakers-spfc20bk,,2.1,40,"50,18",
Microlab SP-FC20WH,https://pcpartpicker.com/product/jKzv6h/microlab-speakers-spfc20wh,,2.1,40,"50,18",
Syba CL-SPK20097,https://pcpartpicker.com/product/22vRsY/syba-speakers-clspk20097,,2,6,"150,20",
Genius SW-G2.1 1250,https://pcpartpicker.com/product/xRrG3C/genius-speakers-31730980101,,2.1,38,"58,20",
Cyber Acoustics CA-3602,https://pcpartpicker.com/product/wZV48d/cyber-acoustics-speakers-ca3602,,2.1,30,"50,20",
Logitech LS11,https://pcpartpicker.com/product/PYvRsY/logitech-speakers-980000048,,2,3,"70,20",
Logitech LS21,https://pcpartpicker.com/product/vZV48d/logitech-speakers-980000058,,2.1,7,"40,20",
M-Audio BX8 D2,https://pcpartpicker.com/product/y7tCmG/m-audio-speaker-bx8d2,,2,260,"30,22",
M-Audio Studiophile AV40,https://pcpartpicker.com/product/c7tCmG/m-audio-speaker-av40,,2,40,"85,20",
KRK RP6 G2,https://pcpartpicker.com/product/sPPfrH/krk-speakers-rp6g2,,2,100,"48,20",
KRK VXT 6,https://pcpartpicker.com/product/JqGkcf/krk-speakers-vxt6,,2,180,"49,22",
Creative Labs T50,https://pcpartpicker.com/product/3ZRFf7/creative-labs-speakers-51mf1665aa001,,2,40,"50,20",
Mackie CR4,https://pcpartpicker.com/product/8PnG3C/mackie-speakers-cr4,,2,28,"60,20",
Audioengine A5+N,https://pcpartpicker.com/product/tRkwrH/audioengine-a5n-150-w-speakers-a5n,,2,150,"50,22",
Mackie MR5mk3,https://pcpartpicker.com/product/8k648d/mackie-speakers-mr5mk3,,2,100,"57,20",
M-Audio AV42,https://pcpartpicker.com/product/2L2rxr/m-audio-speakers-av42,200,2,40,"75,20",
Insignia NS-PCS20,https://pcpartpicker.com/product/Ktp323/insignia-speakers-nspcs20,,2,,,
Logitech Z150,https://pcpartpicker.com/product/pk4gXL/logitech-speakers-980000803,,2,,,
Audioengine A2+R,https://pcpartpicker.com/product/MzfmP6/audioengine-speakers-a2r,,2,60,"65,22",
Bose Companion 20,https://pcpartpicker.com/product/pm4gXL/bose-speakers-3295091300,,2,,,
HiVi M10,https://pcpartpicker.com/product/Nk98TW/hivi-m10-0w-21ch-speakers-m10,,2.1,,"100,20",
Creative Labs Sound BlasterX Kratos S3,https://pcpartpicker.com/product/TXQRsY/creative-labs-sound-blasterx-kratos-s3-0w-21ch-speakers-51mf0475aa001,,2.1,,,
Sony BSP10,https://pcpartpicker.com/product/ZrH48d/sony-bsp10-20w-1ch-speakers-1287-2374,,1,20,,
V7 SP2000-USB-1NC,https://pcpartpicker.com/product/N2RFf7/v7-sp2000-usb-1nc-1w-2ch-speakers-sp2000-usb-1nc,,2,1,,
Cyber Acoustics CA-2014RB-ML,https://pcpartpicker.com/product/8TnG3C/cyber-acoustics-ca-2014rb-ml-4w-2ch-speakers-ca-2014rb-ml,,2,4,,
Cyber Acoustics Curve Storm,https://pcpartpicker.com/product/GntWGX/cyber-acoustics-curve-storm-22w-21ch-speakers-ca-3350,,2.1,22,,
Yamaha HS7 W,https://pcpartpicker.com/product/Xt66Mp/yamaha-hs7-w-95w-1ch-speakers-hs7-w,349.99,1,95,"43,30",
Mackie MR524,https://pcpartpicker.com/product/x2kj4D/mackie-mr524-005w-1ch-speakers-2048400-00,231.99,1,50,"45,20",Black
M-Audio BX6 CARBON,https://pcpartpicker.com/product/YDMwrH/m-audio-bx6-carbon-100w-1ch-speakers-bx6-carbon,,1,100,"45,22",Black / Silver
Genius G2.1 2000,https://pcpartpicker.com/product/qhJtt6/genius-g21-2000-45w-21ch-speakers-g21-2000,,2.1,45,"25,20",Black / Blue
Edifier S2000 PRO,https://pcpartpicker.com/product/rpMTwP/edifier-s2000-pro-124-w-20-channel-speakers-s2000pro,,2,124,"48,20",Brown / Black
KEF LSXBLUE,https://pcpartpicker.com/product/3cpmP6/kef-lsxblue-200-w-20-channel-speakers-lsxblue,,2,200,"49,47",Blue / Black
Yamaha Yamaha NX-50 2.0 Speaker System - 14 W RMS - Black,https://pcpartpicker.com/product/vchmP6/yamaha-yamaha-nx-50-20-speaker-system-14-w-rms-black-14-w-20-channel-speakers-nx-50bl,,2,14,"55,20",Black
Mackie CR3-X,https://pcpartpicker.com/product/VVDQzy/mackie-cr3-x-50-w-speakers-2053023-00,,2,50,"80,20",White
SteelSeries Arena 3 UK,https://pcpartpicker.com/product/KhmNnQ/steelseries-arena-3-uk-speakers-61535,,2,,"50,20",Black
Trust Gemi,https://pcpartpicker.com/product/BfsV3C/trust-gemi-12-w-speakers-22978,,2,12,"20,20",Blue / Black
Trust Gemi,https://pcpartpicker.com/product/Tbn9TW/trust-gemi-12-w-speakers-22979,,2,12,"20,20",Red / Black
Kanto ORA,https://pcpartpicker.com/product/2ycBD3/kanto-ora-100-w-speakers-oramg,430.99,2,100,"70,22",Gray / Black
Mackie MR824,https://pcpartpicker.com/product/rmL48d/mackie-mr824-0085w-1ch-speakers-2048440-00,299.99,1,85,"35,20",Black
Micca PB42X,https://pcpartpicker.com/product/qbmmP6/micca-pb42x-30-w-20-channel-speakers-pb42x,129.99,2,30,"60,20",Black
Creative Labs Inspire T3130,https://pcpartpicker.com/product/QfXfrH/creative-labs-speakers-51mf0395aa002,,2.1,25,"40,20",
Cyber Acoustics CA3550RB,https://pcpartpicker.com/product/wFR48d/cyber-acoustics-speakers-ca3550rb,,2.1,68,"22,20",
Genius SP-HF800A,https://pcpartpicker.com/product/mmXfrH/genius-speakers-31730997101,,2,20,"80,20",
Cyber Acoustics CA3001WB,https://pcpartpicker.com/product/CvBv6h/cyber-acoustics-speakers-ca3001wb,,2.1,14,"38,18",
Gigabyte GP-S4600,https://pcpartpicker.com/product/fk2kcf/gigabyte-speakers-gps4600,,2,1,"230,20",
Genius SP-S110,https://pcpartpicker.com/product/WfXfrH/genius-speaker-31730615100,,2,1,"200,20",
Cyber Acoustics CA3001RB,https://pcpartpicker.com/product/DX4gXL/cyber-acoustics-speakers-ca3001rb,,2.1,14,"38,18",
Creative Labs GigaWorks T3,https://pcpartpicker.com/product/2r4gXL/creative-labs-speakers-51mf0365aa002,,2.1,80,"30,20",
Gear Head SP2000USLV,https://pcpartpicker.com/product/VZV48d/gear-head-speakers-sp2000uslv,,2,3,"200,20",
Gear Head SP2000URED,https://pcpartpicker.com/product/Zr4gXL/gear-head-speakers-sp2000ured,,2,3,"200,20",
Gear Head SP2000UBLU,https://pcpartpicker.com/product/TN8Zxr/gear-head-speakers-sp2000ublu,,2,3,"200,20",
Syba CL-SPK20115,https://pcpartpicker.com/product/bwLypg/syba-speakers-clspk20115,,2,6,"150,20",
Creative Labs Inspire S2,https://pcpartpicker.com/product/92vRsY/creative-labs-speakers-51mf0390aa003,,2.1,33,"40,20",
Cyber Acoustics CA-2002,https://pcpartpicker.com/product/yRrG3C/cyber-acoustics-speakers-ca2002,,2,6,"270,18",
Cyber Acoustics CA-2011WB,https://pcpartpicker.com/product/sBXfrH/cyber-acoustics-speakers-ca2011wb,,2,4,"220,20",
Cyber Acoustics CA-2012RB,https://pcpartpicker.com/product/cPw323/cyber-acoustics-speakers-ca2012rb,,2,1.5,"85,18",
Cyber Acoustics CA-2100WB,https://pcpartpicker.com/product/Xp7wrH/cyber-acoustics-speakers-ca2100wb,,2,5.8,"35,18",
Cyber Acoustics CA-5402,https://pcpartpicker.com/product/J2vRsY/cyber-acoustics-speaker-ca5402,,5.1,40,"70,20",
Logitech Z320,https://pcpartpicker.com/product/dFR48d/logitech-speakers-980000329,,2,10,"70,20",
M-Audio Studiophile AV20,https://pcpartpicker.com/product/DFR48d/m-audio-speaker-av20,,2,10,"120,20",
Harman Kardon SoundSticks Wireless,https://pcpartpicker.com/product/bnPfrH/harman-kardon-speakers-soundstickswireless,,2.1,40,"44,20",
Harman Kardon GLA-55,https://pcpartpicker.com/product/WnPfrH/harman-kardon-speakers-gla55,,2,112,"35,20",
Audioengine A2 (White),https://pcpartpicker.com/product/LqGkcf/audioengine-speakers-a2,,2,30,"65,22",
Audioengine A5,https://pcpartpicker.com/product/GtMFf7/audioengine-speakers-a5,,2,100,"50,22",
KRK RP8 G2,https://pcpartpicker.com/product/yZh9TW/krk-speakers-rp8g2,,2,140,"44,20",
KRK VXT4,https://pcpartpicker.com/product/XdBv6h/krk-speakers-vxt4,,2,90,"66,22",
Lenovo M1730,https://pcpartpicker.com/product/JvTmP6/lenovo-speakers-0b99246,,2.1,12,"20,20",
Creative Labs Inspire T3300,https://pcpartpicker.com/product/m3FXsY/creative-labs-speakers-51mf0415aa004,,2.1,27,"40,20",
Creative Labs T30,https://pcpartpicker.com/product/F8YWGX/creative-labs-speakers-51mf1655aa001,,2,14,"50,20",
Mackie MR6mk3,https://pcpartpicker.com/product/xmgPxr/mackie-speakers-mr6mk3,,2,130,"46,20",
Mackie MR8mk3,https://pcpartpicker.com/product/kn7CmG/mackie-speakers-mr8mk3,,2,170,"38,20",
M-Audio AV32,https://pcpartpicker.com/product/rCL7YJ/m-audio-speakers-av32,,2,20,"80,20",
Creative Labs Inspire T3100,https://pcpartpicker.com/product/HrDzK8/creative-labs-speakers-51mf0336aa000,,2.1,29,"40,20",
Avermedia GS315,https://pcpartpicker.com/product/nPX2FT/avermedia-speakers-gs315,,2.1,77,"35,20",
Creative Labs A550,https://pcpartpicker.com/product/N8rcCJ/creative-labs-speakers-51mf4120aa000,,5.1,,,
Rosewill SP-7260,https://pcpartpicker.com/product/Lt8H99/rosewill-sp-7260-0w-2ch-speakers-sp-7260,,2,,"60,20",
Creative Labs Sound BlasterX Kratos S5,https://pcpartpicker.com/product/ZktWGX/creative-labs-sound-blasterx-kratos-s5-0w-21ch-speakers-51mf0470aa001,,2.1,,,
Razer Ferox,https://pcpartpicker.com/product/4V38TW/razer-ferox-6w-2ch-speakers-rz05-00500200-r3u2,,2,6,"150,20",
Avermedia GS315-DM,https://pcpartpicker.com/product/4FGj4D/avermedia-gs315-dm-77w-21ch-speakers-gs315-dm,,2.1,77,"35,20",
Cyber Acoustics Curve Sonic,https://pcpartpicker.com/product/XMvZxr/cyber-acoustics-curve-sonic-3w-2ch-speakers-sonic,,2,3,,
Creative Labs T3250,https://pcpartpicker.com/product/6CzZxr/creative-labs-t3250-0w-21ch-speakers-51mf0450aa003,,2.1,,,
Cyber Acoustics CA-2027,https://pcpartpicker.com/product/qZwqqs/cyber-acoustics-ca-2027-5w-2ch-speakers-ca-2027,,2,5,,
Altec Lansing BX1521,https://pcpartpicker.com/product/kGsKHx/altec-lansing-bx1521-0w-21ch-speakers-bx1521,,2.1,,,
Altec Lansing BX1520,https://pcpartpicker.com/product/GmyFf7/altec-lansing-bx1520-6w-2ch-speakers-bx1520,,2,6,,
Pioneer SP-BS21-LR,https://pcpartpicker.com/product/cH97YJ/pioneer-sp-bs21-lr-80w-2ch-speakers-sp-bs21-lr,,2,80,"65,20",
Swan Speakers M200MkIII,https://pcpartpicker.com/product/22m323/swan-speakers-m200mkiii-120w-2ch-speakers-m200mkiii,,2,120,"53,20",Brown / Black
Mackie MRS10,https://pcpartpicker.com/product/22kj4D/mackie-mrs10-012w-1ch-speakers-2048460-00,,1,120,"40,180",Black
M-Audio BX8 D3,https://pcpartpicker.com/product/Tk8j4D/m-audio-bx8-d3-150w-1ch-speakers-bx8-d3,,1,150,"37,22",Black
M-Audio BX8 CARBON,https://pcpartpicker.com/product/ZbdxFT/m-audio-bx8-carbon-130w-1ch-speakers-bx8-carbon,,1,130,"38,22",Black / Silver
M-Audio M3-8 (black),https://pcpartpicker.com/product/4LjJ7P/m-audio-m3-8-black-220w-1ch-speakers-m3-8-black,,1,220,"38,22",Black
M-Audio BX5 D3 Crimson,https://pcpartpicker.com/product/BKx2FT/m-audio-bx5-d3-crimson-100w-1ch-speakers-bx5-d3-crimson,,1,100,"52,35",Black / Red
Klipsch Reference R-14PM,https://pcpartpicker.com/product/28vbt6/klipsch-reference-r-14pm-70-w-20-channel-speakers-1064297,,2,70,"80,20",Black / Brown
Kanto YU2GR,https://pcpartpicker.com/product/kjCD4D/kanto-yu2gr-50w-2ch-speakers-yu2gr,,2,50,"80,20",Red / Black
Edifier Luna Eclipse E25,https://pcpartpicker.com/product/WMgzK8/edifier-luna-eclipse-e25-74w-2ch-speakers-4000874,,2,74,"30,20",Black
Altec Lansing VS4621,https://pcpartpicker.com/product/TDtQzy/altec-lansing-vs4621-28-w-21ch-speakers-vs4621,,2.1,28,"45,18",Black
Edifier S1000DB,https://pcpartpicker.com/product/kqQfrH/edifier-s1000db-120-w-20-channel-speakers-s1000db,,2,120,"48,20",Brown / Black
Fluance Ai60 Black Ash,https://pcpartpicker.com/product/6VgQzy/fluance-ai60-black-ash-100-w-20-channel-speakers-ai60,,2,100,"35,30",Black / Beige
Fluance Ai60 Lucky Bamboo,https://pcpartpicker.com/product/jQxbt6/fluance-ai60-lucky-bamboo-100-w-20-channel-speakers-ai60w,,2,100,"35,30",White / White
Fluance Ai60 Natural Walnut,https://pcpartpicker.com/product/zxPgXL/fluance-ai60-natural-walnut-100-w-20-channel-speakers-ai60b,,2,100,"35,30",Black / Brown
Fluance Ai60 White Walnut,https://pcpartpicker.com/product/BHsnTW/fluance-ai60-white-walnut-100-w-20-channel-speakers-ai60ww,,2,100,"35,30",White / Brown
Vanatoo Transparent Zero,https://pcpartpicker.com/product/mJ4Ycf/vanatoo-96-w-20-channel-speakers-t0-black,,2,96,"52,20",Black
Vanatoo Transparent One Encore,https://pcpartpicker.com/product/xPBG3C/vanatoo-transparent-one-encore-240-w-20-channel-speakers-t1e-cherry,,2,240,"48,20",Black / Brown
SteelSeries Arena 3 AU,https://pcpartpicker.com/product/gPgrxr/steelseries-arena-3-au-speakers-61537,135.44,2,,"50,20",Black
SteelSeries Arena 3 SK,https://pcpartpicker.com/product/QRgrxr/steelseries-arena-3-sk-speakers-61539,,2,,"50,20",Black
SteelSeries Arena 7 JP,https://pcpartpicker.com/product/RzFmP6/steelseries-arena-7-jp-21-channel-speakers-61545,,2.1,,"35,20",Black
SteelSeries Arena 9 JP,https://pcpartpicker.com/product/m3mNnQ/steelseries-arena-9-jp-51-channel-speakers-61551,,5.1,,"35,20",Black
Creative Labs Sound Blaster GS3 Rev C,https://pcpartpicker.com/product/kx88TW/creative-labs-sound-blaster-gs3-rev-c-12-w-speakers-03mf846500000-rev-c,,2,12,"65,20",Black
