name,part_url,price,capacity_w,capacity_va
APC SURT20KRMXLT,https://pcpartpicker.com/product/fzM323/apc-surt20krmxlt-ups-surt20krmxlt,146110.99,16000,20000
CyberPower CP1500PFCLCD,https://pcpartpicker.com/product/qvVBD3/cyberpower-cp1500pfclcd-ups-cp1500pfclcd,239.95,1000,1500
APC SRT10KXLT,https://pcpartpicker.com/product/w4Crxr/apc-ups-srt10kxlt,49624.06,10000,10000
CyberPower CP1500AVRLCD,https://pcpartpicker.com/product/69Wrxr/cyberpower-ups-cp1500avrlcd,203.95,900,1500
APC Back-UPS 1500,https://pcpartpicker.com/product/KHMwrH/apc-back-ups-1500-ups-bx1500m,234.99,900,1500
CyberPower PR3000LCDSL,https://pcpartpicker.com/product/D9Wrxr/cyberpower-ups-pr3000lcdsl,12292.95,2700,3000
APC Back-UPS Pro 1500S,https://pcpartpicker.com/product/Yf92FT/apc-back-ups-pro-1500s-ups-br1500ms2,299.99,900,1500
APC SRT10KXLI,https://pcpartpicker.com/product/MWX2FT/apc-ups-srt10kxli,,10000,10000
CyberPower ST425,https://pcpartpicker.com/product/LZGnTW/cyberpower-st425-ups-st425,72.95,260,425
APC SRT10KRMXLI,https://pcpartpicker.com/product/CRGj4D/apc-ups-srt10krmxli,129600,10000,10000
APC Back-UPS Pro 1500VA,https://pcpartpicker.com/product/gXjBD3/apc-back-ups-pro-1500va-ups-bn1500m2,228.99,900,1500
CyberPower CST135XLU,https://pcpartpicker.com/product/zZTZxr/cyberpower-cst135xlu-ups-cst135xlu,134.99,810,1350
CyberPower PR2200LCDSL,https://pcpartpicker.com/product/Nd648d/cyberpower-ups-pr2200lcdsl,936.11,1980,2070
CyberPower CP1000PFCLCD,https://pcpartpicker.com/product/thqbt6/cyberpower-ups-cp1000pfclcd,179.95,600,1000
CyberPower PR1500LCD,https://pcpartpicker.com/product/zQVBD3/cyberpower-ups-pr1500lcd,700.95,1050,1500
APC SRT8KRMXLI,https://pcpartpicker.com/product/pPs8TW/apc-ups-srt8krmxli,,8000,8000
APC Back-UPS Pro 700VA,https://pcpartpicker.com/product/zxYWGX/apc-back-ups-pro-700va-ups-br700g,162.49,420,700
Tripp Lite SMX1500XLRT2U,https://pcpartpicker.com/product/2KZ2FT/tripp-lite-ups-smx1500xlrt2u,532,1350,1500
CyberPower UT850EG,https://pcpartpicker.com/product/s9KnTW/cyberpower-ut850eg-ups-ut850eg,,425,850
APC Back-UPS Pro 1500VA for Gaming,https://pcpartpicker.com/product/6DRYcf/apc-back-ups-pro-1500va-for-gaming-ups-bgm1500b,,900,1500
CyberPower CP1500AVRLCD3,https://pcpartpicker.com/product/GRjBD3/cyberpower-cp1500avrlcd3-ups-cp1500avrlcd3,199.95,900,1500
APC Back-UPS Pro 1500,https://pcpartpicker.com/product/ksJkcf/apc-back-ups-pro-1500-ups-br1500g,384.99,865,1500
CyberPower AVRG750U,https://pcpartpicker.com/product/HHNypg/cyberpower-ups-avrg750u,119.95,450,750
PowerWalker Basic VI 2200 STL UK,https://pcpartpicker.com/product/rY26Mp/powerwalker-basic-vi-2200-stl-uk-ups-10121089,,1320,2200
CyberPower PR3000LCD,https://pcpartpicker.com/product/G9Wrxr/cyberpower-ups-pr3000lcd,24948.95,2700,3000
VERTIV Liebert PST5,https://pcpartpicker.com/product/ZrwD4D/vertiv-liebert-pst5-ups-pst5-850mt120,214.99,500,850
APC Back-UPS Pro 1000S,https://pcpartpicker.com/product/nCPgXL/apc-back-ups-pro-1000s-ups-br1000ms,212.26,600,1000
APC Back-UPS Pro 1500VA for Gaming,https://pcpartpicker.com/product/WtD7YJ/apc-back-ups-pro-1500va-for-gaming-ups-bgm1500,,900,1500
Tripp Lite SU12000RT4U,https://pcpartpicker.com/product/KCyxFT/tripp-lite-ups-su12000rt4u,,8400,12000
APC BE600M1,https://pcpartpicker.com/product/FLLFf7/apc-be600m1-ups-be600m1,90.99,330,600
APC BR1500GI,https://pcpartpicker.com/product/N7hj4D/apc-ups-br1500gi,601.99,865,1500
CyberPower PFC Sinewave CP1500PFCRM2U,https://pcpartpicker.com/product/Bp3WGX/cyberpower-pfc-sinewave-cp1500pfcrm2u-ups-cp1500pfcrm2u,359.95,1000,1500
APC SRT10KRMXLT,https://pcpartpicker.com/product/DRGj4D/apc-ups-srt10krmxlt,5316.31,10000,10000
APC SUA5000RMI5U,https://pcpartpicker.com/product/8BPzK8/apc-ups-sua5000rmi5u,105081.99,4000,5000
CyberPower CP550SLG,https://pcpartpicker.com/product/tzM323/cyberpower-ups-cp550slg,83.95,330,550
Trust Paxxon,https://pcpartpicker.com/product/tbh2FT/trust-paxxon-ups-23505,,900,1500
APC BE550G,https://pcpartpicker.com/product/KRGj4D/apc-ups-be550g,113.11,330,550
APC SRT5KXLI,https://pcpartpicker.com/product/s3FXsY/apc-ups-srt5kxli,128620.99,4500,5000
CyberPower EC850LCD,https://pcpartpicker.com/product/kYrcCJ/cyberpower-ups-ec850lcd,124.95,510,850
APC SMX1500RMI2UNC,https://pcpartpicker.com/product/Lm8H99/apc-ups-smx1500rmi2unc,25964.13,1200,1500
APC SMT2200I,https://pcpartpicker.com/product/zVYWGX/apc-ups-smt2200i,,1980,2200
CyberPower OR2200LCDRT2U,https://pcpartpicker.com/product/hf8H99/cyberpower-ups-or2200lcdrt2u,795.95,1320,2000
VERTIV Liebert PST5,https://pcpartpicker.com/product/fkbypg/vertiv-liebert-pst5-ups-pst5-350mt120,72.15,200,350
CyberPower OR2200LCDRTXL2U,https://pcpartpicker.com/product/HccMnQ/cyberpower-ups-or2200lcdrtxl2u,1048.95,1650,2190
VERTIV Liebert PST5,https://pcpartpicker.com/product/4GdMnQ/vertiv-liebert-pst5-ups-pst5-500mt120,83.37,300,500
APC Back-UPS 1000,https://pcpartpicker.com/product/v6kWGX/apc-back-ups-1000-ups-bx1000m,188.99,600,1000
CyberPower OR2200PFCRT2U,https://pcpartpicker.com/product/nzM323/cyberpower-ups-or2200pfcrt2u,762.95,1320,2000
CyberPower CP1500EPFCLCD,https://pcpartpicker.com/product/CQBzK8/cyberpower-cp1500epfclcd-ups-cp1500epfclcd,,900,1500
VERTIV Liebert PSA5,https://pcpartpicker.com/product/B49nTW/vertiv-liebert-psa5-ups-psa5-700mt120,135.99,420,700
Tripp Lite SMART1500LCD,https://pcpartpicker.com/product/xLDzK8/tripp-lite-ups-smart1500lcd,350.58,900,1500
CyberPower CP1350AVRLCD,https://pcpartpicker.com/product/WkTrxr/cyberpower-ups-cp1350avrlcd,,810,1350
CyberPower CP1200AVR,https://pcpartpicker.com/product/s2RFf7/cyberpower-ups-cp1200avr,206.95,720,1200
APC BK325I,https://pcpartpicker.com/product/2nnG3C/apc-ups-bk325i,,210,325
APC SMX2200HV,https://pcpartpicker.com/product/RWX2FT/apc-ups-smx2200hv,20499.99,1980,2200
CyberPower CP1000AVRLCD,https://pcpartpicker.com/product/2Ps8TW/cyberpower-ups-cp1000avrlcd,175.95,600,1000
APC SRT6KRMXLI,https://pcpartpicker.com/product/v9Wrxr/apc-ups-srt6krmxli,175493.99,6000,6000
VERTIV Liebert PSA5,https://pcpartpicker.com/product/zWKnTW/vertiv-liebert-psa5-ups-psa5-1000mt120,164.58,600,1000
Tripp Lite SMART1500PSGLCD,https://pcpartpicker.com/product/PFcG3C/tripp-lite-smart1500psglcd-ups-smart1500psglcd,381.64,900,1500
APC SRT6KXLT,https://pcpartpicker.com/product/Ppbkcf/apc-ups-srt6kxlt,14514.99,6000,6000
APC SMT1500US,https://pcpartpicker.com/product/Z3FXsY/apc-ups-smt1500us,,1000,1440
CyberPower EC650LCD,https://pcpartpicker.com/product/xwVBD3/cyberpower-ups-ec650lcd,96.95,390,650
CyberPower CP1350PFCLCD,https://pcpartpicker.com/product/g6X2FT/cyberpower-cp1350pfclcd-ups-cp1350pfclcd,219.95,810,1350
APC SRT8KXLI,https://pcpartpicker.com/product/hzM323/apc-ups-srt8kxli,54029.99,8000,8000
CyberPower LE1000DG,https://pcpartpicker.com/product/ybTZxr/cyberpower-le1000dg-ups-le1000dg,146.99,530,1000
Tripp Lite SMART1500LCDT,https://pcpartpicker.com/product/gRGj4D/tripp-lite-ups-smart1500lcdt,366.42,900,1500
CyberPower GX1500U,https://pcpartpicker.com/product/HWNgXL/cyberpower-gx1500u-ups-gx1500u,249.99,900,1500
APC SMX3000RMHV2UNC,https://pcpartpicker.com/product/PTH48d/apc-ups-smx3000rmhv2unc,23166.5,2700,3000
CyberPower PR2200LCD,https://pcpartpicker.com/product/4ccMnQ/cyberpower-ups-pr2200lcd,6569.95,1980,2200
CyberPower CP900EPFCLCD,https://pcpartpicker.com/product/McBzK8/cyberpower-cp900epfclcd-ups-cp900epfclcd,,540,900
APC SRT5KXLT,https://pcpartpicker.com/product/cD8H99/apc-ups-srt5kxlt,2854.06,4250,5000
APC SMX3000HVNC,https://pcpartpicker.com/product/gf8H99/apc-ups-smx3000hvnc,59429,2700,3000
VERTIV Liebert PSl5,https://pcpartpicker.com/product/NWKnTW/vertiv-liebert-psl5-ups-psi5-1500mt120,630.5,1350,1440
CyberPower CP850PFCLCD,https://pcpartpicker.com/product/Q4Crxr/cyberpower-ups-cp850pfclcd,159.99,510,850
APC Back-UPS Pro 1350VA,https://pcpartpicker.com/product/p9bTwP/apc-back-ups-pro-1350va-ups-bn1350m2,245.99,810,1350
CyberPower OL3000RTXL2U,https://pcpartpicker.com/product/R7hj4D/cyberpower-ups-ol3000rtxl2u,34932.94,2700,3000
APC BE850G2,https://pcpartpicker.com/product/8Pnypg/apc-be850g2-ups-be850g2,149.69,450,850
Tripp Lite INTERNET600U,https://pcpartpicker.com/product/B8KhP6/tripp-lite-ups-internet600u,86.02,300,600
APC Easy UPS BV1000I-MS 230V,https://pcpartpicker.com/product/RsV2FT/apc-easy-ups-bv1000i-ms-230v-ups-bv1000i-ms,,600,1000
APC SMT3000,https://pcpartpicker.com/product/TkTrxr/apc-ups-smt3000,19610.89,2700,3000
APC SMX1000I,https://pcpartpicker.com/product/NbjWGX/apc-ups-smx1000i,16934.6,800,1000
APC Back-UPS 850,https://pcpartpicker.com/product/J7mmP6/apc-back-ups-850-ups-bx850m,163.99,510,850
APC SUM3000RMXLI2U,https://pcpartpicker.com/product/DWX2FT/apc-ups-sum3000rmxli2u,,2850,3000
CyberPower EC750G,https://pcpartpicker.com/product/rKZ2FT/cyberpower-ups-ec750g,109.95,450,750
APC SRT6KRMXLT,https://pcpartpicker.com/product/J3FXsY/apc-ups-srt6krmxlt,64799.61,6000,6000
Tripp Lite SM3000RMXLNTAA,https://pcpartpicker.com/product/tRGj4D/tripp-lite-ups-sm3000rmxlntaa,6567.05,2880,3000
Tripp Lite SMART2200VS,https://pcpartpicker.com/product/YPs8TW/tripp-lite-ups-smart2200vs,9586.29,1600,2200
Tripp Lite SMART3000RM2U,https://pcpartpicker.com/product/xD8H99/tripp-lite-ups-smart3000rm2u,8399.95,2250,3000
CyberPower PR5000LCDRTXL5U,https://pcpartpicker.com/product/c8KhP6/cyberpower-ups-pr5000lcdrtxl5u,68408.95,4000,5000
CyberPower BRG1500AVRLCD2,https://pcpartpicker.com/product/2pP8TW/cyberpower-brg1500avrlcd2-ups-brg1500avrlcd2,348.95,900,1500
CyberPower BRG1000AVRLCD,https://pcpartpicker.com/product/DLDzK8/cyberpower-ups-brg1000avrlcd,208.95,600,1000
APC Back-UPS Pro 1350S,https://pcpartpicker.com/product/H9bTwP/apc-back-ups-pro-1350s-ups-br1350ms,237.58,810,1350
CyberPower OR1500LCDRM1U,https://pcpartpicker.com/product/dLDzK8/cyberpower-ups-or1500lcdrm1u,683.95,900,1500
APC SMT2200,https://pcpartpicker.com/product/jr7CmG/apc-ups-smt2200,10790.55,1980,2200
APC SMX3000LVNC,https://pcpartpicker.com/product/7LDzK8/apc-ups-smx3000lvnc,54802.29,2700,3000
APC SUA5000RMT5U,https://pcpartpicker.com/product/WRGj4D/apc-ups-sua5000rmt5u,57392.99,4000,5000
Tripp Lite SMART3000RMXL2U,https://pcpartpicker.com/product/nm8H99/tripp-lite-ups-smart3000rmxl2u,1618,2880,3000
CyberPower PR2200SWRM2U,https://pcpartpicker.com/product/L3FXsY/cyberpower-ups-pr2200swrm2u,,1500,2200
Lenovo 55943AX,https://pcpartpicker.com/product/Qpbkcf/lenovo-ups-55943ax,,2700,3000
CyberPower CP1300EPFCLCD,https://pcpartpicker.com/product/Rw3H99/cyberpower-cp1300epfclcd-ups-cp1300epfclcd,,780,1300
APC Back-UPS 1350,https://pcpartpicker.com/product/Xs92FT/apc-back-ups-1350-ups-bx1350m,204.99,810,1350
APC SMT1500I,https://pcpartpicker.com/product/bPs8TW/apc-ups-smt1500i,10064.11,980,1500
VERTIV Liebert PSA5,https://pcpartpicker.com/product/jLbypg/vertiv-liebert-psa5-ups-psa5-1500mt120,227.43,900,1500
APC BK650EI,https://pcpartpicker.com/product/zRGj4D/apc-ups-bk650ei,,400,650
APC SMC1500I,https://pcpartpicker.com/product/VKZ2FT/apc-ups-smc1500i,,900,1500
APC SMT2200US,https://pcpartpicker.com/product/2wVBD3/apc-ups-smt2200us,12868.86,1980,2200
APC SMT3000I,https://pcpartpicker.com/product/ZbjWGX/apc-ups-smt3000i,27210.89,2700,3000
APC SMX2200RMLV2U,https://pcpartpicker.com/product/kM8H99/apc-ups-smx2200rmlv2u,30066.75,1980,2200
APC SMX3000RMLV2UNC,https://pcpartpicker.com/product/2yfmP6/apc-ups-smx3000rmlv2unc,68375,2700,3000
CyberPower CP1500AVRT,https://pcpartpicker.com/product/yM8H99/cyberpower-ups-cp1500avrt,219.95,900,1500
CyberPower OL1500RTXL2U,https://pcpartpicker.com/product/kTBrxr/cyberpower-ups-ol1500rtxl2u,7065.95,1350,1500
APC BR1000G,https://pcpartpicker.com/product/4kTrxr/apc-ups-br1000g,,600,1000
APC SRT8KRMXLT,https://pcpartpicker.com/product/Hm8H99/apc-ups-srt8krmxlt,61829.06,8000,8000
APC SURTA3000XL,https://pcpartpicker.com/product/w2RFf7/apc-ups-surta3000xl,52847.97,2100,3000
Tripp Lite SMART2200RMXL2U,https://pcpartpicker.com/product/7ccMnQ/tripp-lite-ups-smart2200rmxl2u,1096.5,1920,2200
Tripp Lite SMARTINT2200VS,https://pcpartpicker.com/product/Bf8H99/tripp-lite-ups-smartint2200vs,,1600,2200
Tripp Lite SMART3000RMXLN,https://pcpartpicker.com/product/r2RFf7/tripp-lite-ups-smart3000rmxln,11950.95,2880,3000
CyberPower EC550G,https://pcpartpicker.com/product/8GfmP6/cyberpower-ups-ec550g,113.95,330,550
APC BR1500MS,https://pcpartpicker.com/product/XcndnQ/apc-br1500ms-ups-br1500ms,,900,1500
VERTIV Liebert PST5,https://pcpartpicker.com/product/YwCCmG/vertiv-liebert-pst5-ups-pst5-660mt120,116.02,400,660
Tripp Lite SMART1500LCDXL,https://pcpartpicker.com/product/ywVBD3/tripp-lite-ups-smart1500lcdxl,499,900,1500
CyberPower CST135UC,https://pcpartpicker.com/product/f2ddnQ/cyberpower-cst135uc-ups-cst135uc,179.99,810,1350
APC SMX3000HV,https://pcpartpicker.com/product/Vpbkcf/apc-ups-smx3000hv,52223.19,2700,3000
Tripp Lite OMNI1500LCDT,https://pcpartpicker.com/product/TXH48d/tripp-lite-ups-omni1500lcdt,235.36,810,1500
Tripp Lite SMART1500RM2U,https://pcpartpicker.com/product/kGfmP6/tripp-lite-ups-smart1500rm2u,932.01,1350,1500
CyberPower AVRG900U,https://pcpartpicker.com/product/pTH48d/cyberpower-ups-avrg900u,141.95,480,900
CyberPower OR500LCDRM1U,https://pcpartpicker.com/product/p6X2FT/cyberpower-ups-or500lcdrm1u,271.95,300,500
VERTIV Liebert Power-UPS Lithium,https://pcpartpicker.com/product/nwCCmG/vertiv-liebert-power-ups-lithium-ups-pul-400lvt,124.99,240,400
APC SMC1500,https://pcpartpicker.com/product/73FXsY/apc-ups-smc1500,634,900,1500
APC SMT2200RMI2U,https://pcpartpicker.com/product/TgL7YJ/apc-ups-smt2200rmi2u,,1980,2200
APC SMX2000LV,https://pcpartpicker.com/product/F2RFf7/apc-ups-smx2000lv,25207.4,1800,1920
APC SMX3000RMHV2U,https://pcpartpicker.com/product/d2RFf7/apc-ups-smx3000rmhv2u,18800.7,2700,3000
Tripp Lite ECO550UPS,https://pcpartpicker.com/product/hWX2FT/tripp-lite-ups-eco550ups,108.22,300,550
CyberPower CP1500PFCLCDTAA,https://pcpartpicker.com/product/mXH48d/cyberpower-ups-cp1500pfclcdtaa,382.95,900,1500
Belkin F6H650-SER,https://pcpartpicker.com/product/xzM323/belkin-ups-f6h650ser,68.9,360,650
APC BR900GI,https://pcpartpicker.com/product/VXH48d/apc-ups-br900gi,,540,900
APC SMT1500,https://pcpartpicker.com/product/ctJkcf/apc-ups-smt1500,720.89,980,1500
APC SMX2200RMHV2U,https://pcpartpicker.com/product/tYrcCJ/apc-ups-smx2200rmhv2u,2598.99,1980,2200
APC SMX750I,https://pcpartpicker.com/product/GZ8H99/apc-ups-smx750i,930.95,600,750
APC SRT5KRMXLW-HW,https://pcpartpicker.com/product/mccMnQ/apc-ups-srt5krmxlwhw,71999.99,4500,5000
APC SUA3000XLI,https://pcpartpicker.com/product/dRGj4D/apc-ups-sua3000xli,,2700,3000
APC SURTD5000RMXLT3U,https://pcpartpicker.com/product/Xr7CmG/apc-ups-surtd5000rmxlt3u,3170.04,3500,5000
Tripp Lite SM2200RMNAFTA,https://pcpartpicker.com/product/d3FXsY/tripp-lite-ups-sm2200rmnafta,,1600,2200
Tripp Lite SU6000RT4UHV,https://pcpartpicker.com/product/wGfmP6/tripp-lite-ups-su6000rt4uhv,86999.97,5400,6000
Tripp Lite SU1500XLCD,https://pcpartpicker.com/product/72RFf7/tripp-lite-ups-su1500xlcd,20545.68,1350,1500
Tripp Lite SMX3000XLRT2UA,https://pcpartpicker.com/product/pM8H99/tripp-lite-ups-smx3000xlrt2ua,23258.71,2700,3000
Tripp Lite SMT1500LCDT,https://pcpartpicker.com/product/vhqbt6/tripp-lite-ups-smt1500lcdt,323.99,900,1500
Tripp Lite SMART5000XFMRXL,https://pcpartpicker.com/product/KPs8TW/tripp-lite-ups-smart5000xfmrxl,34066.92,3750,5000
CyberPower CP685AVRLCD,https://pcpartpicker.com/product/jTH48d/cyberpower-ups-cp685avrlcd,127.95,390,685
CyberPower PR2200LCDRT2U,https://pcpartpicker.com/product/fQVBD3/cyberpower-ups-pr2200lcdrt2u,,1600,2170
CyberPower PR2200LCDRTXL2U,https://pcpartpicker.com/product/nxYWGX/cyberpower-ups-pr2200lcdrtxl2u,,2150,2150
CyberPower PR3000LCDRT2UTAA,https://pcpartpicker.com/product/j6X2FT/cyberpower-ups-pr3000lcdrt2utaa,,2250,3000
CyberPower LX1500GU-FC,https://pcpartpicker.com/product/xKkj4D/cyberpower-lx1500gu-fc-ups-lx1500gu-fc,,900,1500
HP AF450A,https://pcpartpicker.com/product/6CyxFT/hp-ups-af450a,,950,1400
APC BE650G1,https://pcpartpicker.com/product/tqkwrH/apc-ups-be650g1,101.99,390,650
HP AF418A,https://pcpartpicker.com/product/gvVBD3/hp-ups-af418a,,1000,1500
APC SMX1500RMI2U,https://pcpartpicker.com/product/nRGj4D/apc-ups-smx1500rmi2u,796.46,1200,1500
Tripp Lite INTERNET350U,https://pcpartpicker.com/product/XjcMnQ/tripp-lite-ups-internet350u,88.98,180,350
APC BK350,https://pcpartpicker.com/product/bD8H99/apc-ups-bk350,110.98,210,350
CyberPower CP900AVR,https://pcpartpicker.com/product/JLDzK8/cyberpower-ups-cp900avr,188.95,560,900
APC SMX1500RM2UNC,https://pcpartpicker.com/product/KtJkcf/apc-ups-smx1500rm2unc,,1200,1500
APC SURTA1500RMXL2U,https://pcpartpicker.com/product/YFdFf7/apc-ups-surta1500rmxl2u,825.06,1050,1500
Tripp Lite SMART3000NET,https://pcpartpicker.com/product/fsJkcf/tripp-lite-ups-smart3000net,27430,2400,3000
Tripp Lite SU1500RTXLCD2U,https://pcpartpicker.com/product/Rf8H99/tripp-lite-ups-su1500rtxlcd2u,2177.32,1350,1500
Tripp Lite SMX1500LCDT,https://pcpartpicker.com/product/syfmP6/tripp-lite-ups-smx1500lcdt,390.39,900,1500
CyberPower CP1000PFCLCDTAA,https://pcpartpicker.com/product/VxYWGX/cyberpower-ups-cp1000pfclcdtaa,224.95,600,1000
APC BE550-UK,https://pcpartpicker.com/product/RbjWGX/apc-ups-be550uk,155.47,330,700
APC BE600-LM,https://pcpartpicker.com/product/7qkwrH/apc-ups-be600lm,,360,600
APC BE700G-UK,https://pcpartpicker.com/product/wJVBD3/apc-ups-be700guk,,405,700
APC BE750G,https://pcpartpicker.com/product/YzM323/apc-ups-be750g,,450,750
APC BK500JS,https://pcpartpicker.com/product/vCyxFT/apc-ups-bk500js,,300,500
APC BN4001,https://pcpartpicker.com/product/CVYWGX/apc-ups-bn4001,,257,450
APC BN600G,https://pcpartpicker.com/product/HLDzK8/apc-ups-bn600g,,360,600
APC BR500CI-AS,https://pcpartpicker.com/product/LxYWGX/apc-ups-br500cias,159.99,300,500
APC BX1500G,https://pcpartpicker.com/product/dWX2FT/apc-ups-bx1500g,,865,1500
APC SMT1500R2X122,https://pcpartpicker.com/product/NHNypg/apc-ups-smt1500r2x122,23047.13,1000,1500
APC SMT1500RM2U,https://pcpartpicker.com/product/6WX2FT/apc-ups-smt1500rm2u,865,1000,1440
APC SMT1500RMI1U,https://pcpartpicker.com/product/QJVBD3/apc-ups-smt1500rmi1u,1043.04,1000,1500
APC SMT1500X448,https://pcpartpicker.com/product/YCyxFT/apc-ups-smt1500x448,,1000,1500
APC SMT2200RM2U,https://pcpartpicker.com/product/BBPzK8/apc-ups-smt2200rm2u,13858.06,1980,2200
APC SMT3000R2X145,https://pcpartpicker.com/product/hLDzK8/apc-ups-smt3000r2x145,36349.99,2700,3000
APC SMT3000RMI2U,https://pcpartpicker.com/product/r8KhP6/apc-ups-smt3000rmi2u,,2700,3000
APC SMT750RM2U,https://pcpartpicker.com/product/fTH48d/apc-ups-smt750rm2u,,500,750
APC SMX1000,https://pcpartpicker.com/product/gM8H99/apc-ups-smx1000,807.05,800,1000
APC SMX2000RMLV2UNC,https://pcpartpicker.com/product/QHNypg/apc-ups-smx2000rmlv2unc,4777.6,1800,1920
APC SMX3000HVT,https://pcpartpicker.com/product/msJkcf/apc-ups-smx3000hvt,8154.99,2700,3000
APC SMX3000LV,https://pcpartpicker.com/product/96X2FT/apc-ups-smx3000lv,7205.42,2700,3000
APC SRT5KRMXLI,https://pcpartpicker.com/product/dhqbt6/apc-ups-srt5krmxli,42660.01,4500,5000
APC SU1000XLNET,https://pcpartpicker.com/product/3M8H99/apc-ups-su1000xlnet,,670,1000
APC SU700X93,https://pcpartpicker.com/product/Nm8H99/apc-ups-su700x93,682.49,450,700
APC SUA2200XL,https://pcpartpicker.com/product/GCyxFT/apc-ups-sua2200xl,,1850,2200
APC SUA750RMJ1UB,https://pcpartpicker.com/product/tTH48d/apc-ups-sua750rmj1ub,,480,750
APC SURTD5000RMXLP3U,https://pcpartpicker.com/product/vyfmP6/apc-ups-surtd5000rmxlp3u,58923.99,4000,5000
Tripp Lite AVR550U,https://pcpartpicker.com/product/BwVBD3/tripp-lite-ups-avr550u,128.99,300,550
Tripp Lite AVR700U,https://pcpartpicker.com/product/f3FXsY/tripp-lite-ups-avr700u,116.99,350,700
Tripp Lite INTERNET550SER,https://pcpartpicker.com/product/zBPzK8/tripp-lite-ups-internet550ser,173.72,300,550
Tripp Lite INTERNETOFFICE300,https://pcpartpicker.com/product/8LDzK8/tripp-lite-ups-internetoffice300,,150,300
Tripp Lite OMNIVS1000,https://pcpartpicker.com/product/yvVBD3/tripp-lite-ups-omnivs1000,276.3,500,1000
Tripp Lite SM2200RMDVTAA,https://pcpartpicker.com/product/mf8H99/tripp-lite-ups-sm2200rmdvtaa,11429.19,1920,2200
Tripp Lite SM2200RMXL2UTAA,https://pcpartpicker.com/product/D6X2FT/tripp-lite-ups-sm2200rmxl2utaa,23292.99,1600,2200
Tripp Lite SM3000RMXL2UTAA,https://pcpartpicker.com/product/Cf8H99/tripp-lite-ups-sm3000rmxl2utaa,25517,2880,3000
Tripp Lite SMART1000LCD,https://pcpartpicker.com/product/tXH48d/tripp-lite-ups-smart1000lcd,240.85,500,1000
Tripp Lite SMART1500RMXL2UA,https://pcpartpicker.com/product/6ccMnQ/tripp-lite-ups-smart1500rmxl2ua,1081.99,1350,1500
Tripp Lite SMART1500RMXLN,https://pcpartpicker.com/product/bsJkcf/tripp-lite-ups-smart1500rmxln,1255,1350,1500
Tripp Lite SMART2200RM2UN,https://pcpartpicker.com/product/T4Crxr/tripp-lite-ups-smart2200rm2un,7462.69,1920,2200
Tripp Lite SMART2200VSXL,https://pcpartpicker.com/product/pjcMnQ/tripp-lite-ups-smart2200vsxl,,1600,2200
Tripp Lite SU3000XLCD,https://pcpartpicker.com/product/fKZ2FT/tripp-lite-ups-su3000xlcd,41112,2700,3000
Tripp Lite SU6000RT3U,https://pcpartpicker.com/product/GvVBD3/tripp-lite-ups-su6000rt3u,,4200,6000
Tripp Lite SUINT2000XL,https://pcpartpicker.com/product/JFdFf7/tripp-lite-ups-suint2000xl,,1400,2000
Tripp Lite SMARTINT3000VS,https://pcpartpicker.com/product/nsJkcf/tripp-lite-ups-smartint3000vs,,2250,3000
Tripp Lite SMART700HG,https://pcpartpicker.com/product/sbjWGX/tripp-lite-ups-smart700hg,894.36,450,700
Tripp Lite SMART3000VSTAA,https://pcpartpicker.com/product/HsJkcf/tripp-lite-ups-smart3000vstaa,,2250,3000
Tripp Lite SMART5000RT3U,https://pcpartpicker.com/product/2gL7YJ/tripp-lite-ups-smart5000rt3u,4930.51,4000,5000
Tripp Lite SMART5000TEL3U,https://pcpartpicker.com/product/LCyxFT/tripp-lite-ups-smart5000tel3u,59587.99,3750,5000
APC SUA1500,https://pcpartpicker.com/product/rBPzK8/apc-ups-sua1500,,980,1440
APC SUA1500RM2U,https://pcpartpicker.com/product/WTH48d/apc-ups-sua1500rm2u,,980,1440
CyberPower BRG1500AVRLCD,https://pcpartpicker.com/product/4zM323/cyberpower-ups-brg1500avrlcd,,900,1500
CyberPower BRG1500AVRLCDTAA,https://pcpartpicker.com/product/7tJkcf/cyberpower-ups-brg1500avrlcdtaa,,900,1500
CyberPower BRG850AVRLCD,https://pcpartpicker.com/product/CxYWGX/cyberpower-ups-brg850avrlcd,,510,850
CyberPower CP685AVR,https://pcpartpicker.com/product/dkTrxr/cyberpower-ups-cp685avr,,390,685
CyberPower CP750LCD,https://pcpartpicker.com/product/KjcMnQ/cyberpower-ups-cp750lcd,,420,750
CyberPower CP800AVR,https://pcpartpicker.com/product/P4Crxr/cyberpower-ups-cp800avr,147.95,450,800
CyberPower CP825AVRLCD,https://pcpartpicker.com/product/BCyxFT/cyberpower-ups-cp825avrlcd,154.94,450,825
CyberPower CP850AVRLCD,https://pcpartpicker.com/product/Zpbkcf/cyberpower-ups-cp850avrlcd,196.95,510,850
CyberPower CPS1500AVR,https://pcpartpicker.com/product/wWX2FT/cyberpower-ups-cps1500avr,534.95,950,1500
CyberPower OL10000RT3U,https://pcpartpicker.com/product/g9Wrxr/cyberpower-ups-ol10000rt3u,,9000,10000
CyberPower OL1000RTXL2U,https://pcpartpicker.com/product/m8YWGX/cyberpower-ups-ol1000rtxl2u,1168.95,900,1000
CyberPower OL3000RMXL2U,https://pcpartpicker.com/product/37hj4D/cyberpower-ups-ol3000rmxl2u,,2100,3000
CyberPower OR1500LCDRTXL2U,https://pcpartpicker.com/product/vr7CmG/cyberpower-ups-or1500lcdrtxl2u,923.95,1125,1500
CyberPower OR2200PFCRT2Ua,https://pcpartpicker.com/product/NtJkcf/cyberpower-ups-or2200pfcrt2ua,,1300,2200
CyberPower PR1500LCDRT2U,https://pcpartpicker.com/product/BkTrxr/cyberpower-ups-pr1500lcdrt2u,,1350,1500
CyberPower PR1500LCDRT2UTAA,https://pcpartpicker.com/product/r4Crxr/cyberpower-ups-pr1500lcdrt2utaa,,1000,1500
CyberPower PR2200LCDRT2UTAA,https://pcpartpicker.com/product/WgL7YJ/cyberpower-ups-pr2200lcdrt2utaa,,1600,2170
CyberPower PR3000LCDRT2U,https://pcpartpicker.com/product/M9Wrxr/cyberpower-ups-pr3000lcdrt2u,,2700,3000
CyberPower PR3000LCDRTXL2U,https://pcpartpicker.com/product/wd648d/cyberpower-ups-pr3000lcdrtxl2u,,3000,3000
CyberPower PR5000LCDRTXL5UTAA,https://pcpartpicker.com/product/BXH48d/cyberpower-ups-pr5000lcdrtxl5utaa,,4000,5000
CyberPower PR6000LCDRTXL5U,https://pcpartpicker.com/product/yYrcCJ/cyberpower-ups-pr6000lcdrtxl5u,,4500,6000
HP AF449A,https://pcpartpicker.com/product/2XH48d/hp-ups-af449a,,670,1000
IBM 53959KX,https://pcpartpicker.com/product/hCyxFT/ibm-ups-53959kx,,10000,11000
Eaton 66942,https://pcpartpicker.com/product/RRvZxr/eaton-ups-66942,,250,500
APC BN1100M2,https://pcpartpicker.com/product/YkTzK8/apc-bn1100m2-ups-bn1100m2,,600,1100
Tripp Lite ECO750UPS,https://pcpartpicker.com/product/8nnG3C/tripp-lite-ups-eco750ups,154.13,450,750
Tripp Lite SMART1200LCD,https://pcpartpicker.com/product/Rpbkcf/tripp-lite-ups-smart1200lcd,365.78,700,1200
Tripp Lite SMART1500RMXL2U,https://pcpartpicker.com/product/QFdFf7/tripp-lite-ups-smart1500rmxl2u,1017.99,940,1500
Tripp Lite SMC15002URM,https://pcpartpicker.com/product/wKZ2FT/tripp-lite-ups-smc15002urm,923.01,1000,1500
APC BK350EI,https://pcpartpicker.com/product/WCyxFT/apc-ups-bk350ei,,210,350
APC BK500BLK,https://pcpartpicker.com/product/ZD8H99/apc-ups-bk500blk,162.99,300,500
APC SMT3000RMUS,https://pcpartpicker.com/product/RtJkcf/apc-ups-smt3000rmus,22815,2700,2880
APC SMT750,https://pcpartpicker.com/product/DHNypg/apc-ups-smt750,,500,750
APC SMT750RMI2U,https://pcpartpicker.com/product/XQVBD3/apc-ups-smt750rmi2u,,500,750
APC SMX2000RMLV2U,https://pcpartpicker.com/product/x3FXsY/apc-ups-smx2000rmlv2u,21482,1800,1920
APC SMX750,https://pcpartpicker.com/product/8NNypg/apc-ups-smx750,,600,750
APC SURTD5000XLI,https://pcpartpicker.com/product/J4Crxr/apc-ups-surtd5000xli,,3500,5000
Tripp Lite INTERNET350SER,https://pcpartpicker.com/product/jf8H99/tripp-lite-ups-internet350ser,118.99,180,350
Tripp Lite INTERNET550U,https://pcpartpicker.com/product/bWX2FT/tripp-lite-ups-internet550u,87.16,300,550
Tripp Lite OMNISMART300PNP,https://pcpartpicker.com/product/K6X2FT/tripp-lite-ups-omnismart300pnp,195,180,300
Tripp Lite OMNISMART350HG,https://pcpartpicker.com/product/FBPzK8/tripp-lite-ups-omnismart350hg,678.99,225,330
Tripp Lite SMART500RT1UTAA,https://pcpartpicker.com/product/pf8H99/tripp-lite-ups-smart500rt1utaa,,300,500
CyberPower OR1000LCDRM1U,https://pcpartpicker.com/product/sTH48d/cyberpower-ups-or1000lcdrm1u,505.95,600,1000
CyberPower OR700LCDRM1U,https://pcpartpicker.com/product/tZ8H99/cyberpower-ups-or700lcdrm1u,402.95,400,700
CyberPower PR1000LCDRT1U,https://pcpartpicker.com/product/bbjWGX/cyberpower-ups-pr1000lcdrt1u,875.95,800,1000
Tripp Lite SM1000RM1UTAA,https://pcpartpicker.com/product/DTH48d/tripp-lite-ups-sm1000rm1utaa,881.93,800,1000
Tripp Lite SM3000RM2UTAA,https://pcpartpicker.com/product/C9Wrxr/tripp-lite-ups-sm3000rm2utaa,4547.99,2250,3000
Tripp Lite SMC10002URM,https://pcpartpicker.com/product/Mr7CmG/tripp-lite-ups-smc10002urm,631.99,700,1000
APC SMT1000,https://pcpartpicker.com/product/QxYWGX/apc-ups-smt1000,545.99,670,1000
APC SMT1000J,https://pcpartpicker.com/product/rhqbt6/apc-ups-smt1000j,,670,1000
APC BE325-GR,https://pcpartpicker.com/product/TRGj4D/apc-ups-be325gr,,185,325
APC BE350G,https://pcpartpicker.com/product/NjcMnQ/apc-ups-be350g,,200,350
APC BE350G-CN,https://pcpartpicker.com/product/nr7CmG/apc-ups-be350gcn,,200,350
APC BE400-GR,https://pcpartpicker.com/product/c7hj4D/apc-ups-be400gr,,240,400
APC BE450G,https://pcpartpicker.com/product/y7hj4D/apc-ups-be450g,,257,450
APC BE450G-CN,https://pcpartpicker.com/product/dccMnQ/apc-ups-be450gcn,,257,450
APC APC3IA,https://pcpartpicker.com/product/mzM323/apc-ups-apc3ia,,2250,3000
APC BE325,https://pcpartpicker.com/product/nFdFf7/apc-ups-be325,,185,325
APC BE325-LM,https://pcpartpicker.com/product/BJVBD3/apc-ups-be325lm,,185,325
APC BE325R,https://pcpartpicker.com/product/NGGj4D/apc-ups-be325r,,185,325
APC BE350,https://pcpartpicker.com/product/DFdFf7/apc-ups-be350,,225,350
APC BE350C,https://pcpartpicker.com/product/wZ8H99/apc-ups-be350c,,200,350
APC BE350G-LM,https://pcpartpicker.com/product/LnnG3C/apc-ups-be350glm,,200,350
APC BE350R,https://pcpartpicker.com/product/4hqbt6/apc-ups-be350r,,200,350
APC BE350R-CN,https://pcpartpicker.com/product/GD8H99/apc-ups-be350rcn,,200,350
APC BE350U-CN,https://pcpartpicker.com/product/MgL7YJ/apc-ups-be350ucn,,200,350
APC BE400-CP,https://pcpartpicker.com/product/CkTrxr/apc-ups-be400cp,,240,400
APC BE400-FR,https://pcpartpicker.com/product/sgL7YJ/apc-ups-be400fr,,240,400
APC BE450G-LM,https://pcpartpicker.com/product/J2RFf7/apc-ups-be450glm,,257,450
APC BE500R,https://pcpartpicker.com/product/JZ8H99/apc-ups-be500r,,300,500
APC BE500R-CN,https://pcpartpicker.com/product/h8KhP6/apc-ups-be500rcn,,300,500
APC BE500U-CN,https://pcpartpicker.com/product/HKZ2FT/apc-ups-be500ucn,,300,500
APC BE525-RS,https://pcpartpicker.com/product/tbjWGX/apc-ups-be525rs,,300,525
APC BE550-CP,https://pcpartpicker.com/product/qgL7YJ/apc-ups-be550cp,,330,550
APC BE550-GR,https://pcpartpicker.com/product/9QVBD3/apc-ups-be550gr,,330,550
APC BF350U,https://pcpartpicker.com/product/cvVBD3/apc-ups-bf350u,98.92,225,350
APC BE550G-CN,https://pcpartpicker.com/product/QYrcCJ/apc-ups-be550gcn,,330,550
APC BE550G-GR,https://pcpartpicker.com/product/gHNypg/apc-ups-be550ggr,,330,550
APC BE550G/LM,https://pcpartpicker.com/product/ff8H99/apc-ups-be550glm,,330,550
APC BE550R,https://pcpartpicker.com/product/Fr7CmG/apc-ups-be550r,,330,550
APC BE550R-CN,https://pcpartpicker.com/product/3kTrxr/apc-ups-be550rcn,,330,550
APC BE650BB,https://pcpartpicker.com/product/VTH48d/apc-ups-be650bb,,390,650
APC BE650G,https://pcpartpicker.com/product/mHNypg/apc-ups-be650g,,390,650
APC BE650G1-CN,https://pcpartpicker.com/product/KbjWGX/apc-ups-be650g1cn,,390,650
APC BE650G1-LM,https://pcpartpicker.com/product/39Wrxr/apc-ups-be650g1lm,109.99,390,650
APC BE650G-CN,https://pcpartpicker.com/product/8wVBD3/apc-ups-be650gcn,,390,650
APC BE650G-LM,https://pcpartpicker.com/product/xQVBD3/apc-ups-be650glm,,390,650
APC BE650MC,https://pcpartpicker.com/product/7HNypg/apc-ups-be650mc,,390,650
APC BE650R,https://pcpartpicker.com/product/kPs8TW/apc-ups-be650r,,390,650
APC BE650R-CN,https://pcpartpicker.com/product/rf8H99/apc-ups-be650rcn,,390,650
APC BE700-AZ,https://pcpartpicker.com/product/bf8H99/apc-ups-be700az,,405,700
APC BE700-CP,https://pcpartpicker.com/product/W8KhP6/apc-ups-be700cp,,405,700
APC BE700G-GR,https://pcpartpicker.com/product/2NNypg/apc-ups-be700ggr,,405,700
APC BE700-GR,https://pcpartpicker.com/product/j7hj4D/apc-ups-be700gr,,405,700
APC BE700-UK,https://pcpartpicker.com/product/6FdFf7/apc-ups-be700uk,,405,700
APC BE750BB,https://pcpartpicker.com/product/Bd648d/apc-ups-be750bb,,450,750
APC BE750BB-CN,https://pcpartpicker.com/product/4vVBD3/apc-ups-be750bbcn,,450,750
APC BE750BBX450,https://pcpartpicker.com/product/ZKZ2FT/apc-ups-be750bbx450,,450,750
APC BE750G-CN,https://pcpartpicker.com/product/T9Wrxr/apc-ups-be750gcn,,450,750
APC BE750G-LM,https://pcpartpicker.com/product/mvVBD3/apc-ups-be750glm,,450,750
APC BF350-FR,https://pcpartpicker.com/product/KLDzK8/apc-ups-bf350fr,,225,350
APC BF350-GR,https://pcpartpicker.com/product/fjcMnQ/apc-ups-bf350gr,,225,350
APC BF500,https://pcpartpicker.com/product/yTH48d/apc-ups-bf500,,325,500
APC BF500-AZ,https://pcpartpicker.com/product/vccMnQ/apc-ups-bf500az,,325,500
APC BF500-GR,https://pcpartpicker.com/product/ppbkcf/apc-ups-bf500gr,,325,500
APC BF500U,https://pcpartpicker.com/product/sCyxFT/apc-ups-bf500u,,325,500
APC BF500-UK,https://pcpartpicker.com/product/XNNypg/apc-ups-bf500uk,,325,500
APC BG500,https://pcpartpicker.com/product/Fhqbt6/apc-ups-bg500,,300,500
APC BGE90M,https://pcpartpicker.com/product/rXH48d/apc-ups-bge90m,,75,125
APC BH500INET,https://pcpartpicker.com/product/nJVBD3/apc-ups-bh500inet,,300,500
APC BH500NET,https://pcpartpicker.com/product/NFdFf7/apc-ups-bh500net,,300,500
APC BK200,https://pcpartpicker.com/product/cPs8TW/apc-ups-bk200,,130,200
APC BK300C,https://pcpartpicker.com/product/MKZ2FT/apc-ups-bk300c,,180,300
APC BK300MI,https://pcpartpicker.com/product/sBPzK8/apc-ups-bk300mi,,180,300
APC BK400,https://pcpartpicker.com/product/dwVBD3/apc-ups-bk400,,250,400
APC BK450,https://pcpartpicker.com/product/PLDzK8/apc-ups-bk450,,300,450
APC BK500EI,https://pcpartpicker.com/product/6d648d/apc-ups-bk500ei,172.99,300,500
APC BK500JP,https://pcpartpicker.com/product/qJVBD3/apc-ups-bk500jp,,300,500
APC BK500MI,https://pcpartpicker.com/product/Xpbkcf/apc-ups-bk500mi,,300,500
APC BK600,https://pcpartpicker.com/product/pJVBD3/apc-ups-bk600,,400,600
APC BN1080G,https://pcpartpicker.com/product/MQVBD3/apc-ups-bn1080g,,650,1080
APC BN700MC,https://pcpartpicker.com/product/DVYWGX/apc-ups-bn700mc,,420,700
APC BR1200GI,https://pcpartpicker.com/product/f4Crxr/apc-ups-br1200gi,,720,1200
APC BR1300G,https://pcpartpicker.com/product/nqkwrH/apc-ups-br1300g,,780,1300
APC BR550GI,https://pcpartpicker.com/product/jQVBD3/apc-ups-br550gi,,330,550
APC BX1000G,https://pcpartpicker.com/product/td648d/apc-ups-bx1000g,,600,1000
APC BX1300G,https://pcpartpicker.com/product/cr7CmG/apc-ups-bx1300g,,780,1300
APC DLT1500I,https://pcpartpicker.com/product/R9Wrxr/apc-ups-dlt1500i,,1000,1500
APC DLT1500RMI2U,https://pcpartpicker.com/product/7FdFf7/apc-ups-dlt1500rmi2u,,1000,1500
APC J10BLK,https://pcpartpicker.com/product/6gL7YJ/apc-ups-j10blk,,600,1000
APC J15BLK,https://pcpartpicker.com/product/j9Wrxr/apc-ups-j15blk,,865,1500
APC SC1000,https://pcpartpicker.com/product/QWX2FT/apc-ups-sc1000,,600,1000
APC SC1000I,https://pcpartpicker.com/product/FD8H99/apc-ups-sc1000i,,600,1000
APC SC1500I,https://pcpartpicker.com/product/Rm8H99/apc-ups-sc1500i,,865,1500
APC SC420,https://pcpartpicker.com/product/7NNypg/apc-ups-sc420,,260,420
APC SC420I,https://pcpartpicker.com/product/VvVBD3/apc-ups-sc420i,,260,420
APC SC450R1X542,https://pcpartpicker.com/product/mM8H99/apc-ups-sc450r1x542,,280,450
APC SC450RM1U,https://pcpartpicker.com/product/8tJkcf/apc-ups-sc450rm1u,,280,450
APC SC450RMI1U,https://pcpartpicker.com/product/xBPzK8/apc-ups-sc450rmi1u,,280,450
APC SC620,https://pcpartpicker.com/product/kQVBD3/apc-ups-sc620,283.99,390,620
APC SC620I,https://pcpartpicker.com/product/rbjWGX/apc-ups-sc620i,,390,620
APC SC620X565,https://pcpartpicker.com/product/zccMnQ/apc-ups-sc620x565,,410,620
APC SMC1000,https://pcpartpicker.com/product/3pbkcf/apc-ups-smc1000,493.95,600,1000
APC SMC1000-2U,https://pcpartpicker.com/product/QbjWGX/apc-ups-smc10002u,,600,1000
APC SMC1000I,https://pcpartpicker.com/product/RPs8TW/apc-ups-smc1000i,,600,1000
APC SMC1000I-2U,https://pcpartpicker.com/product/FNNypg/apc-ups-smc1000i2u,,600,1000
APC SMC1500-2U,https://pcpartpicker.com/product/J7Wrxr/apc-ups-smc15002u,,900,1500
APC SMC1500I-2U,https://pcpartpicker.com/product/9m8H99/apc-ups-smc1500i2u,,900,1500
APC SMT1000I,https://pcpartpicker.com/product/2sJkcf/apc-ups-smt1000i,813.49,670,1000
APC SMT1000RM2U,https://pcpartpicker.com/product/WQVBD3/apc-ups-smt1000rm2u,,700,1000
APC SMT1000RMI2U,https://pcpartpicker.com/product/W7hj4D/apc-ups-smt1000rmi2u,,700,1000
APC SMT1000US,https://pcpartpicker.com/product/2f8H99/apc-ups-smt1000us,,700,1000
APC SMT1500J,https://pcpartpicker.com/product/TTH48d/apc-ups-smt1500j,,980,1500
APC SMT1500R2X180,https://pcpartpicker.com/product/n4Crxr/apc-ups-smt1500r2x180,,1000,1500
APC SMT1500RM1U,https://pcpartpicker.com/product/4QVBD3/apc-ups-smt1500rm1u,926.99,1000,1440
APC SMT1500RMI2U,https://pcpartpicker.com/product/MYrcCJ/apc-ups-smt1500rmi2u,,1000,1500
APC SMT1500RMUS,https://pcpartpicker.com/product/fgL7YJ/apc-ups-smt1500rmus,,1000,1500
APC SMT1500X413,https://pcpartpicker.com/product/y2RFf7/apc-ups-smt1500x413,,980,1500
APC SMT2200R2X106,https://pcpartpicker.com/product/6bjWGX/apc-ups-smt2200r2x106,30323.89,1980,2200
APC SMT2200R2X180,https://pcpartpicker.com/product/WvVBD3/apc-ups-smt2200r2x180,,1980,2200
APC SMT2200RMUS,https://pcpartpicker.com/product/bHNypg/apc-ups-smt2200rmus,40147.71,1980,2200
APC SMT3000R2X180,https://pcpartpicker.com/product/9HNypg/apc-ups-smt3000r2x180,,2700,3000
APC SMT3000RM2U,https://pcpartpicker.com/product/YD8H99/apc-ups-smt3000rm2u,1623.99,2700,3000
APC SMT3000RMT2U,https://pcpartpicker.com/product/xvVBD3/apc-ups-smt3000rmt2u,20799.99,2700,3000
APC SMT750I,https://pcpartpicker.com/product/4LDzK8/apc-ups-smt750i,682.99,500,750
APC SMT750R2-NMC,https://pcpartpicker.com/product/dnH48d/apc-ups-smt750r2nmc,,500,750
APC SMT750US,https://pcpartpicker.com/product/J9Wrxr/apc-ups-smt750us,,500,750
APC SMX1500RM2U,https://pcpartpicker.com/product/qZ8H99/apc-ups-smx1500rm2u,,1200,1500
APC SMX2000LVNC,https://pcpartpicker.com/product/3TH48d/apc-ups-smx2000lvnc,30716,1800,1920
APC SMX3000RMLV2U,https://pcpartpicker.com/product/rFdFf7/apc-ups-smx3000rmlv2u,40488.15,2700,3000
APC SRT5KRMXLT,https://pcpartpicker.com/product/ynnG3C/apc-ups-srt5krmxlt,35480.06,4250,5000
APC SU1000RMI2U,https://pcpartpicker.com/product/bZ8H99/apc-ups-su1000rmi2u,,670,1000
APC SU1400RMXLIB3U,https://pcpartpicker.com/product/jFdFf7/apc-ups-su1400rmxlib3u,,1050,1400
APC SU5000R5TBX120,https://pcpartpicker.com/product/xM8H99/apc-ups-su5000r5tbx120,65280.99,3750,5000
APC SUA1000RMI1U,https://pcpartpicker.com/product/8sJkcf/apc-ups-sua1000rmi1u,,640,1000
APC SUA1500R2X122,https://pcpartpicker.com/product/vQVBD3/apc-ups-sua1500r2x122,,980,1440
APC SUA1500R2X138,https://pcpartpicker.com/product/mhqbt6/apc-ups-sua1500r2x138,,980,1440
APC SUA1500R2X93,https://pcpartpicker.com/product/Pd648d/apc-ups-sua1500r2x93,,980,1440
APC SUA1500RMI2U,https://pcpartpicker.com/product/6Z8H99/apc-ups-sua1500rmi2u,,980,1500
APC SUA1500RMJ2UB,https://pcpartpicker.com/product/LXH48d/apc-ups-sua1500rmj2ub,1072.83,980,1500
APC SUA2200,https://pcpartpicker.com/product/mZ8H99/apc-ups-sua2200,,1980,2200
APC SUA2200R2X147,https://pcpartpicker.com/product/gccMnQ/apc-ups-sua2200r2x147,,1980,2200
APC SUA2200RM2U,https://pcpartpicker.com/product/xqkwrH/apc-ups-sua2200rm2u,,1980,2200
APC SUA2200XLI,https://pcpartpicker.com/product/wsJkcf/apc-ups-sua2200xli,12196.48,1980,2200
APC SUA3000,https://pcpartpicker.com/product/gjcMnQ/apc-ups-sua3000,,2700,3000
APC SUA3000I,https://pcpartpicker.com/product/qM8H99/apc-ups-sua3000i,,2700,3000
APC SUA3000R2IX38,https://pcpartpicker.com/product/t2RFf7/apc-ups-sua3000r2ix38,,2700,3000
APC SUA3000RM2U,https://pcpartpicker.com/product/KD8H99/apc-ups-sua3000rm2u,,2700,3000
APC SUA3000RMI2U,https://pcpartpicker.com/product/KTH48d/apc-ups-sua3000rmi2u,,2700,3000
APC SUA3000XL,https://pcpartpicker.com/product/yNNypg/apc-ups-sua3000xl,,2700,3000
APC SUA3000XL-NETPKG,https://pcpartpicker.com/product/Pr7CmG/apc-ups-sua3000xlnetpkg,,2700,3000
APC SUA3000XLT,https://pcpartpicker.com/product/Jr7CmG/apc-ups-sua3000xlt,,2700,3000
APC SUA5000R5TXFMR,https://pcpartpicker.com/product/Lr648d/apc-ups-sua5000r5txfmr,,4000,5000
APC SUA500PDRI-H,https://pcpartpicker.com/product/rsJkcf/apc-ups-sua500pdrih,,325,500
APC SUA500PDRI-S,https://pcpartpicker.com/product/2GfmP6/apc-ups-sua500pdris,,325,500
APC SUA750IX38,https://pcpartpicker.com/product/gWX2FT/apc-ups-sua750ix38,,500,750
APC SUA750R2IX38,https://pcpartpicker.com/product/hpbkcf/apc-ups-sua750r2ix38,,480,750
APC SUA750R2X338,https://pcpartpicker.com/product/HgL7YJ/apc-ups-sua750r2x338,543,480,750
APC SUA750RMI2U,https://pcpartpicker.com/product/PqkwrH/apc-ups-sua750rmi2u,,480,750
APC SUA750XLI,https://pcpartpicker.com/product/hHNypg/apc-ups-sua750xli,,600,750
APC SUM1500RMXL2U,https://pcpartpicker.com/product/HyfmP6/apc-ups-sum1500rmxl2u,,1425,1440
APC SUM1500RMXLI2U,https://pcpartpicker.com/product/pccMnQ/apc-ups-sum1500rmxli2u,,1425,1500
APC SUM3000RMXL2U,https://pcpartpicker.com/product/tGfmP6/apc-ups-sum3000rmxl2u,41038.88,2850,3000
APC SUOL2000XLI,https://pcpartpicker.com/product/JWX2FT/apc-ups-suol2000xli,4595.27,1400,2000
APC SURT1000RMXLI,https://pcpartpicker.com/product/BnnG3C/apc-ups-surt1000rmxli,1173.49,700,1000
APC SURT1000XLI,https://pcpartpicker.com/product/6tJkcf/apc-ups-surt1000xli,24373.49,700,1000
APC SURT1000XLIM,https://pcpartpicker.com/product/FyfmP6/apc-ups-surt1000xlim,,700,1000
APC SURT2000RMXLI,https://pcpartpicker.com/product/4f8H99/apc-ups-surt2000rmxli,1395.27,1400,2000
APC SURT2000XLI,https://pcpartpicker.com/product/ngL7YJ/apc-ups-surt2000xli,24895.27,1400,2000
APC SURT6000RMXLT3U,https://pcpartpicker.com/product/pwVBD3/apc-ups-surt6000rmxlt3u,,4200,6000
APC SURT6000XLT,https://pcpartpicker.com/product/tf8H99/apc-ups-surt6000xlt,,4200,6000
APC SURTA1000RMXL2U,https://pcpartpicker.com/product/zTH48d/apc-ups-surta1000rmxl2u,,800,1000
APC SURTA1000XL,https://pcpartpicker.com/product/jVYWGX/apc-ups-surta1000xl,,800,1000
APC SURTA1500XL,https://pcpartpicker.com/product/ZTH48d/apc-ups-surta1500xl,,1050,1500
APC SURTA2200RMXL2U,https://pcpartpicker.com/product/qzM323/apc-ups-surta2200rmxl2u,,1750,2200
APC SURTA2200XL,https://pcpartpicker.com/product/K9Wrxr/apc-ups-surta2200xl,,1750,2200
APC SURTA3000RMXL,https://pcpartpicker.com/product/RBbkcf/apc-ups-surta3000rmxl,,2100,3000
APC SURTA3000RMXL3U,https://pcpartpicker.com/product/cnnG3C/apc-ups-surta3000rmxl3u,47429.98,2100,3000
APC SURTD2200XLIM,https://pcpartpicker.com/product/YKZ2FT/apc-ups-surtd2200xlim,2231.31,1540,2200
APC SURTD3000RMXLI,https://pcpartpicker.com/product/MtJkcf/apc-ups-surtd3000rmxli,,2100,3000
APC SURTD3000RMXLT3U,https://pcpartpicker.com/product/s4Crxr/apc-ups-surtd3000rmxlt3u,,2100,3000
APC SURTD3000XLI,https://pcpartpicker.com/product/DgL7YJ/apc-ups-surtd3000xli,,2100,3000
APC SURTD3KRMXL3U-TF5,https://pcpartpicker.com/product/VnH48d/apc-ups-surtd3krmxl3utf5,,2100,3000
APC SURTD5000RMXLI,https://pcpartpicker.com/product/PBPzK8/apc-ups-surtd5000rmxli,,3500,5000
APC SURTD6000RMXLP3U,https://pcpartpicker.com/product/HM8H99/apc-ups-surtd6000rmxlp3u,155575,4200,6000
APC SY12KEXBX120,https://pcpartpicker.com/product/qFdFf7/apc-ups-sy12kexbx120,,8400,12000
Tripp Lite AVR650UM,https://pcpartpicker.com/product/qTH48d/tripp-lite-ups-avr650um,,325,650
Tripp Lite AVR700UXRM,https://pcpartpicker.com/product/36X2FT/tripp-lite-ups-avr700uxrm,,350,700
Tripp Lite AVR750U,https://pcpartpicker.com/product/mYrcCJ/tripp-lite-ups-avr750u,169.99,450,750
Tripp Lite AVR900U,https://pcpartpicker.com/product/YnnG3C/tripp-lite-ups-avr900u,171.99,480,900
Tripp Lite AVR900UTAA,https://pcpartpicker.com/product/N3FXsY/tripp-lite-ups-avr900utaa,,480,900
Tripp Lite AVRX550U,https://pcpartpicker.com/product/Vhqbt6/tripp-lite-ups-avrx550u,,300,550
Tripp Lite AVRX750U,https://pcpartpicker.com/product/GKZ2FT/tripp-lite-ups-avrx750u,286.99,450,750
Tripp Lite BC600SINE,https://pcpartpicker.com/product/c2RFf7/tripp-lite-ups-bc600sine,320.66,375,600
Tripp Lite BCPERS300,https://pcpartpicker.com/product/sqkwrH/tripp-lite-ups-bcpers300,,175,300
Tripp Lite BCPERS450,https://pcpartpicker.com/product/DBPzK8/tripp-lite-ups-bcpers450,,280,450
Tripp Lite BCPERSONAL450,https://pcpartpicker.com/product/yJVBD3/tripp-lite-ups-bcpersonal450,,280,450
Tripp Lite BCPRO1050,https://pcpartpicker.com/product/dsJkcf/tripp-lite-ups-bcpro1050,,705,1050
Tripp Lite BCPRO1400,https://pcpartpicker.com/product/PjcMnQ/tripp-lite-ups-bcpro1400,,940,1400
Tripp Lite BCPRO600,https://pcpartpicker.com/product/JYrcCJ/tripp-lite-ups-bcpro600,,345,600
Tripp Lite BC350,https://pcpartpicker.com/product/CjcMnQ/tripp-lite-ups-bc350,80.99,180,350
Tripp Lite ECO350UPS,https://pcpartpicker.com/product/vpbkcf/tripp-lite-ups-eco350ups,136.99,180,350
Tripp Lite ECO550UPSTAA,https://pcpartpicker.com/product/HwVBD3/tripp-lite-ups-eco550upstaa,,300,550
Tripp Lite ECO650UPSM,https://pcpartpicker.com/product/QXH48d/tripp-lite-ups-eco650upsm,,325,650
Tripp Lite ECO850LCD,https://pcpartpicker.com/product/g2RFf7/tripp-lite-ups-eco850lcd,139.99,425,850
Tripp Lite ECO900UPSM,https://pcpartpicker.com/product/2HNypg/tripp-lite-ups-eco900upsm,,480,900
Tripp Lite HT850UPS,https://pcpartpicker.com/product/KYrcCJ/tripp-lite-ups-ht850ups,,450,750
Tripp Lite HTRL15UPS,https://pcpartpicker.com/product/jtJkcf/tripp-lite-ups-htrl15ups,,900,1500
Tripp Lite INTERNET750U,https://pcpartpicker.com/product/VJVBD3/tripp-lite-ups-internet750u,122.44,450,750
Tripp Lite INTERNETOFFICE500,https://pcpartpicker.com/product/ZsJkcf/tripp-lite-ups-internetoffice500,,280,500
Tripp Lite INTERNETOFFICE700,https://pcpartpicker.com/product/Y4Crxr/tripp-lite-ups-internetoffice700,,425,700
Tripp Lite INTRNT OFFC700R,https://pcpartpicker.com/product/93FXsY/tripp-lite-ups-intrntoffc700r,,425,700
Tripp Lite OMNI500ISO,https://pcpartpicker.com/product/7kTrxr/tripp-lite-ups-omni500iso,895.58,300,500
Tripp Lite OMNI650LCD,https://pcpartpicker.com/product/VsJkcf/tripp-lite-ups-omni650lcd,150.69,350,650
Tripp Lite OMNI700LCD,https://pcpartpicker.com/product/RQVBD3/tripp-lite-ups-omni700lcd,,420,700
Tripp Lite OMNI900LCD,https://pcpartpicker.com/product/YVYWGX/tripp-lite-ups-omni900lcd,171.99,475,900
Tripp Lite OMNISMART1400,https://pcpartpicker.com/product/twVBD3/tripp-lite-ups-omnismart1400,,940,1400
Tripp Lite OMNISMART1400PNP,https://pcpartpicker.com/product/g8KhP6/tripp-lite-ups-omnismart1400pnp,,940,1400
Tripp Lite OMNISMART500,https://pcpartpicker.com/product/RLDzK8/tripp-lite-ups-omnismart500,,300,500
Tripp Lite OMNISMART700,https://pcpartpicker.com/product/m4Crxr/tripp-lite-ups-omnismart700,,425,700
Tripp Lite OMNI SMT300PNP,https://pcpartpicker.com/product/QTH48d/tripp-lite-ups-omnismt300pnp,195,180,300
Tripp Lite OMNIVS1500,https://pcpartpicker.com/product/w9Wrxr/tripp-lite-ups-omnivs1500,,940,1500
Tripp Lite OMNIVS1500XL,https://pcpartpicker.com/product/C3FXsY/tripp-lite-ups-omnivs1500xl,419.53,940,1500
Tripp Lite OMNIVS1500XLTAA,https://pcpartpicker.com/product/fJVBD3/tripp-lite-ups-omnivs1500xltaa,380.86,940,1500
Tripp Lite OMNIVS500U,https://pcpartpicker.com/product/PM8H99/tripp-lite-ups-omnivs500u,,300,500
Tripp Lite OMNIVS800,https://pcpartpicker.com/product/nWX2FT/tripp-lite-ups-omnivs800,219.82,475,800
Tripp Lite OMNIVSINT1000,https://pcpartpicker.com/product/MBPzK8/tripp-lite-ups-omnivsint1000,,500,1000
Tripp Lite OMNIVSINT800,https://pcpartpicker.com/product/szM323/tripp-lite-ups-omnivsint800,264.99,475,800
Tripp Lite OMNIX1500XLTAA,https://pcpartpicker.com/product/Nf8H99/tripp-lite-ups-omnix1500xltaa,,940,1500
Tripp Lite OMNIX350HG,https://pcpartpicker.com/product/4KZ2FT/tripp-lite-ups-omnix350hg,,225,350
Tripp Lite POS500,https://pcpartpicker.com/product/L6X2FT/tripp-lite-ups-pos500,,300,500
Tripp Lite SM1000RM2UTAA,https://pcpartpicker.com/product/GWX2FT/tripp-lite-ups-sm1000rm2utaa,811.01,700,1000
Tripp Lite SM1050NAFTA,https://pcpartpicker.com/product/3ccMnQ/tripp-lite-ups-sm1050nafta,,705,1050
Tripp Lite SM1500RMXL2UTAA,https://pcpartpicker.com/product/wTH48d/tripp-lite-ups-sm1500rmxl2utaa,9767.95,1350,1500
Tripp Lite SM2200NAFTA,https://pcpartpicker.com/product/Vd648d/tripp-lite-ups-sm2200nafta,,1700,2200
Tripp Lite SM3000NAFTA,https://pcpartpicker.com/product/xZ8H99/tripp-lite-ups-sm3000nafta,30530.46,2400,3000
Tripp Lite SM3000RM2UNTAA,https://pcpartpicker.com/product/hZ8H99/tripp-lite-ups-sm3000rm2untaa,27299.99,2250,3000
Tripp Lite SM3000RMNAFTA,https://pcpartpicker.com/product/kvVBD3/tripp-lite-ups-sm3000rmnafta,,2250,3000
Tripp Lite SM500RMNAFTA,https://pcpartpicker.com/product/P2RFf7/tripp-lite-ups-sm500rmnafta,,300,500
Tripp Lite SMART1000LCDTAA,https://pcpartpicker.com/product/XgL7YJ/tripp-lite-ups-smart1000lcdtaa,,500,1000
Tripp Lite SMART1000RM1U,https://pcpartpicker.com/product/gYrcCJ/tripp-lite-ups-smart1000rm1u,991.99,800,1000
Tripp Lite SMART1000RM2U,https://pcpartpicker.com/product/qYrcCJ/tripp-lite-ups-smart1000rm2u,777.95,800,1000
Tripp Lite SMART1000RMXL2U,https://pcpartpicker.com/product/hRGj4D/tripp-lite-ups-smart1000rmxl2u,662.99,900,1000
Tripp Lite SMART1050,https://pcpartpicker.com/product/FWX2FT/tripp-lite-ups-smart1050,,705,1050
Tripp Lite SMART1050SLT,https://pcpartpicker.com/product/JzM323/tripp-lite-ups-smart1050slt,734.98,670,1050
Tripp Lite SMART1050SLTAA,https://pcpartpicker.com/product/HkTrxr/tripp-lite-ups-smart1050sltaa,,650,1050
Tripp Lite SMART1200XLHG,https://pcpartpicker.com/product/md648d/tripp-lite-ups-smart1200xlhg,19566.92,750,1000
Tripp Lite SMART1300LCDT,https://pcpartpicker.com/product/pqkwrH/tripp-lite-ups-smart1300lcdt,228.99,720,1300
Tripp Lite SMART1500,https://pcpartpicker.com/product/WnnG3C/tripp-lite-ups-smart1500,436.34,980,1500
Tripp Lite SMART1500CRMXL,https://pcpartpicker.com/product/tccMnQ/tripp-lite-ups-smart1500crmxl,,1440,1500
Tripp Lite SMART1500RM2UN,https://pcpartpicker.com/product/qxYWGX/tripp-lite-ups-smart1500rm2un,13965.95,1350,1500
Tripp Lite SMART1500SLT,https://pcpartpicker.com/product/rJVBD3/tripp-lite-ups-smart1500slt,398.06,950,1500
Tripp Lite SMART1500XL,https://pcpartpicker.com/product/KJVBD3/tripp-lite-ups-smart1500xl,,980,1500
Tripp Lite SMART1500XLTAA,https://pcpartpicker.com/product/FFdFf7/tripp-lite-ups-smart1500xltaa,,980,1500
Tripp Lite SMART2200,https://pcpartpicker.com/product/3VYWGX/tripp-lite-ups-smart2200,,1700,2200
Tripp Lite SMART2200CRMXL,https://pcpartpicker.com/product/jjcMnQ/tripp-lite-ups-smart2200crmxl,,1900,2200
Tripp Lite SMART2200NET,https://pcpartpicker.com/product/TbjWGX/tripp-lite-ups-smart2200net,10388.99,1700,2200
Tripp Lite SMART2200RM2U,https://pcpartpicker.com/product/BgL7YJ/tripp-lite-ups-smart2200rm2u,11854.74,1920,2200
Tripp Lite ECO750UPSTAA,https://pcpartpicker.com/product/tjcMnQ/tripp-lite-ups-eco750upstaa,150.47,450,750
Tripp Lite TE1200,https://pcpartpicker.com/product/6MZ2FT/tripp-lite-ups-te1200,,940,1200
Tripp Lite TE600,https://pcpartpicker.com/product/j4qbt6/tripp-lite-ups-te600,,425,600
Tripp Lite SMART2200RMXLN,https://pcpartpicker.com/product/9hqbt6/tripp-lite-ups-smart2200rmxln,6225.01,1920,2200
Tripp Lite SMART2200SLT,https://pcpartpicker.com/product/fM8H99/tripp-lite-ups-smart2200slt,,1600,2200
Tripp Lite SMART2200SLTAA,https://pcpartpicker.com/product/Vr7CmG/tripp-lite-ups-smart2200sltaa,,1600,2200
Tripp Lite SMART2500XLHG,https://pcpartpicker.com/product/cd648d/tripp-lite-ups-smart2500xlhg,29399,1920,2200
Tripp Lite SMART2600RM2U,https://pcpartpicker.com/product/Y6X2FT/tripp-lite-ups-smart2600rm2u,,1920,2600
Tripp Lite SMART3000CRMXL,https://pcpartpicker.com/product/myfmP6/tripp-lite-ups-smart3000crmxl,7216.78,2880,3000
Tripp Lite SMART3000RM2UN,https://pcpartpicker.com/product/kCyxFT/tripp-lite-ups-smart3000rm2un,1992.99,2250,3000
Tripp Lite SU2200RTXL2UA,https://pcpartpicker.com/product/xhqbt6/tripp-lite-ups-su2200rtxl2ua,,1600,2200
Tripp Lite SU2200RTXL2UN,https://pcpartpicker.com/product/xFtWGX/tripp-lite-ups-su2200rtxl2un,,1600,2200
Tripp Lite SU2200RTXLCD2U,https://pcpartpicker.com/product/kkTrxr/tripp-lite-ups-su2200rtxlcd2u,23670.19,1800,2200
Tripp Lite SU2200XL,https://pcpartpicker.com/product/r9Wrxr/tripp-lite-ups-su2200xl,,1600,2200
Tripp Lite SU2200XLA,https://pcpartpicker.com/product/2qkwrH/tripp-lite-ups-su2200xla,,1600,2200
Tripp Lite SU2200XLCD,https://pcpartpicker.com/product/b4Crxr/tripp-lite-ups-su2200xlcd,20529.6,1800,2200
Tripp Lite SU3000RTXL2U,https://pcpartpicker.com/product/j8KhP6/tripp-lite-ups-su3000rtxl2u,,2500,3000
Tripp Lite SU3000RTXL3U,https://pcpartpicker.com/product/zm8H99/tripp-lite-ups-su3000rtxl3u,,2400,3000
Tripp Lite SU3000RTXL3UHV,https://pcpartpicker.com/product/BQVBD3/tripp-lite-ups-su3000rtxl3uhv,,2400,3000
Tripp Lite SU3000RTXL3UN,https://pcpartpicker.com/product/kcYWGX/tripp-lite-ups-su3000rtxl3un,,2400,3000
Tripp Lite SU3000RTXLCD2U,https://pcpartpicker.com/product/TvVBD3/tripp-lite-ups-su3000rtxlcd2u,13765.29,2700,3000
Tripp Lite SU3000RTXLCD3U,https://pcpartpicker.com/product/rxGj4D/tripp-lite-ups-su3000rtxlcd3u,,2700,3000
Tripp Lite SU3000RTXR3U,https://pcpartpicker.com/product/ZnnG3C/tripp-lite-ups-su3000rtxr3u,,2400,3000
Tripp Lite SU3000XL,https://pcpartpicker.com/product/4XH48d/tripp-lite-ups-su3000xl,,2400,3000
Tripp Lite SU3000XLNAFTA,https://pcpartpicker.com/product/nkTrxr/tripp-lite-ups-su3000xlnafta,,2400,3000
Tripp Lite SU5000RT3U,https://pcpartpicker.com/product/NJVBD3/tripp-lite-ups-su5000rt3u,,3500,5000
Tripp Lite SU5000RT3UHV,https://pcpartpicker.com/product/LWX2FT/tripp-lite-ups-su5000rt3uhv,,3500,5000
Tripp Lite SU5000RT4U,https://pcpartpicker.com/product/4RGj4D/tripp-lite-ups-su5000rt4u,,3800,5000
Tripp Lite SU6000RT3UHV,https://pcpartpicker.com/product/MPs8TW/tripp-lite-ups-su6000rt3uhv,,4200,6000
Tripp Lite SU6000RT3UHVXL,https://pcpartpicker.com/product/LvVBD3/tripp-lite-ups-su6000rt3uhvxl,,4200,6000
Tripp Lite SU6000RT4U,https://pcpartpicker.com/product/n3FXsY/tripp-lite-ups-su6000rt4u,,4200,6000
Tripp Lite SU6000RT4UHVG,https://pcpartpicker.com/product/Dpbkcf/tripp-lite-ups-su6000rt4uhvg,,5400,6000
Tripp Lite SU6000RT4UHVHW,https://pcpartpicker.com/product/CsJkcf/tripp-lite-ups-su6000rt4uhvhw,,5400,6000
Tripp Lite SU6000RT4UTF,https://pcpartpicker.com/product/c3FXsY/tripp-lite-ups-su6000rt4utf,,5400,6000
Tripp Lite SU6000RT4UTFHW,https://pcpartpicker.com/product/sRGj4D/tripp-lite-ups-su6000rt4utfhw,,5400,6000
Tripp Lite SU750RTXL2U,https://pcpartpicker.com/product/MJVBD3/tripp-lite-ups-su750rtxl2u,,600,750
Tripp Lite SU750RTXLCD2U,https://pcpartpicker.com/product/2FtWGX/tripp-lite-ups-su750rtxlcd2u,1005.99,675,750
Tripp Lite SU750XL,https://pcpartpicker.com/product/wM8H99/tripp-lite-ups-su750xl,,600,750
Tripp Lite SU8000RT3U,https://pcpartpicker.com/product/Dr7CmG/tripp-lite-ups-su8000rt3u,,6400,8000
Tripp Lite SU8000RT3UG,https://pcpartpicker.com/product/CBPzK8/tripp-lite-ups-su8000rt3ug,,6400,8000
Tripp Lite SU8000RT4U,https://pcpartpicker.com/product/s6X2FT/tripp-lite-ups-su8000rt4u,,5600,8000
Tripp Lite SUINT1000RTXL2UA,https://pcpartpicker.com/product/yD8H99/tripp-lite-ups-suint1000rtxl2ua,,800,1000
Tripp Lite SUINT1500RTXL2UA,https://pcpartpicker.com/product/YyfmP6/tripp-lite-ups-suint1500rtxl2ua,,1200,1500
Tripp Lite SUINT2200RTXL2UA,https://pcpartpicker.com/product/vLDzK8/tripp-lite-ups-suint2200rtxl2ua,,1600,2200
Tripp Lite SUINT3000RTXL2U,https://pcpartpicker.com/product/XXH48d/tripp-lite-ups-suint3000rtxl2u,,2500,3000
Tripp Lite SUINT3000RTXL3U,https://pcpartpicker.com/product/hsJkcf/tripp-lite-ups-suint3000rtxl3u,,2400,3000
Tripp Lite SU1500RMNAFTA,https://pcpartpicker.com/product/FwVBD3/tripp-lite-ups-su1500rmnafta,6408.82,1200,1500
Tripp Lite SU1500RTXL2U,https://pcpartpicker.com/product/JvVBD3/tripp-lite-ups-su1500rtxl2u,,1200,1500
Tripp Lite SU1500RTXL2UA,https://pcpartpicker.com/product/3f8H99/tripp-lite-ups-su1500rtxl2ua,,1200,1500
Tripp Lite SU1500RTXL2UN,https://pcpartpicker.com/product/8TBrxr/tripp-lite-ups-su1500rtxl2un,,1200,1500
Tripp Lite SU1500XL,https://pcpartpicker.com/product/9xYWGX/tripp-lite-ups-su1500xl,,1200,1500
Tripp Lite SMX5000XLRT3U,https://pcpartpicker.com/product/Gm8H99/tripp-lite-ups-smx5000xlrt3u,,3750,5000
Tripp Lite SMX500RT1U,https://pcpartpicker.com/product/wwVBD3/tripp-lite-ups-smx500rt1u,,300,500
Tripp Lite SMX750SLT,https://pcpartpicker.com/product/h6X2FT/tripp-lite-ups-smx750slt,,500,750
Tripp Lite SU10000RT3U2TF,https://pcpartpicker.com/product/BsJkcf/tripp-lite-ups-su10000rt3u2tf,,8000,10000
Tripp Lite SU1000RTXL2UA,https://pcpartpicker.com/product/XCyxFT/tripp-lite-ups-su1000rtxl2ua,,800,1000
Tripp Lite SU1000RTXLCD2U,https://pcpartpicker.com/product/hnnG3C/tripp-lite-ups-su1000rtxlcd2u,909,900,1000
Tripp Lite SU1000XLA,https://pcpartpicker.com/product/pZ8H99/tripp-lite-ups-su1000xla,,800,1000
Tripp Lite SU1000XLCD,https://pcpartpicker.com/product/tVYWGX/tripp-lite-ups-su1000xlcd,1016.99,900,1000
Tripp Lite SU10KRT3U,https://pcpartpicker.com/product/gD8H99/tripp-lite-ups-su10krt3u,,7000,10000
Tripp Lite SU10KRT3UHV,https://pcpartpicker.com/product/qKZ2FT/tripp-lite-ups-su10krt3uhv,,7000,10000
Tripp Lite SU12000RT4UHW,https://pcpartpicker.com/product/Q8KhP6/tripp-lite-ups-su12000rt4uhw,,8400,12000
Tripp Lite SMART750,https://pcpartpicker.com/product/X9Wrxr/tripp-lite-ups-smart750,,450,750
Tripp Lite SMART750RM1U,https://pcpartpicker.com/product/djcMnQ/tripp-lite-ups-smart750rm1u,792.58,600,750
Tripp Lite SMART750RMXL2U,https://pcpartpicker.com/product/GBPzK8/tripp-lite-ups-smart750rmxl2u,732.99,600,750
Tripp Lite SMART750SLT,https://pcpartpicker.com/product/Mf8H99/tripp-lite-ups-smart750slt,547.66,500,750
Tripp Lite SMART750USB,https://pcpartpicker.com/product/JCyxFT/tripp-lite-ups-smart750usb,246.99,450,750
Tripp Lite SMART750USBTAA,https://pcpartpicker.com/product/jPs8TW/tripp-lite-ups-smart750usbtaa,,450,750
Tripp Lite SMART750XL,https://pcpartpicker.com/product/Q3FXsY/tripp-lite-ups-smart750xl,,450,750
Tripp Lite SMART750XLA,https://pcpartpicker.com/product/zbjWGX/tripp-lite-ups-smart750xla,,500,750
Tripp Lite SMX1000RT2U,https://pcpartpicker.com/product/DCyxFT/tripp-lite-ups-smx1000rt2u,743.99,700,1000
Tripp Lite SMX1050SLT,https://pcpartpicker.com/product/Cpbkcf/tripp-lite-ups-smx1050slt,,650,1050
Tripp Lite SMX1200XLHG,https://pcpartpicker.com/product/c6X2FT/tripp-lite-ups-smx1200xlhg,1046.99,750,1000
Tripp Lite SMX1500LCD,https://pcpartpicker.com/product/sHNypg/tripp-lite-ups-smx1500lcd,659.99,900,1500
Tripp Lite SMX1500SLT,https://pcpartpicker.com/product/ybjWGX/tripp-lite-ups-smx1500slt,371.94,900,1500
Tripp Lite SMX2200RT2UTAA,https://pcpartpicker.com/product/V3bkcf/tripp-lite-ups-smx2200rt2utaa,,1600,2200
Tripp Lite SMX2200XLRT2U,https://pcpartpicker.com/product/d8KhP6/tripp-lite-ups-smx2200xlrt2u,,1920,2200
Tripp Lite SMX3000RT2UTAA,https://pcpartpicker.com/product/mP38TW/tripp-lite-ups-smx3000rt2utaa,,2250,3000
Tripp Lite SMART550USB,https://pcpartpicker.com/product/cZ8H99/tripp-lite-ups-smart550usb,,300,550
Tripp Lite SMART550USBTAA,https://pcpartpicker.com/product/bNNypg/tripp-lite-ups-smart550usbtaa,,300,550
Tripp Lite SMART700,https://pcpartpicker.com/product/Xm8H99/tripp-lite-ups-smart700,,450,700
Tripp Lite SMART700DVA,https://pcpartpicker.com/product/63FXsY/tripp-lite-smart700dva-ups-smart700dva,243.2,450,700
Tripp Lite SMART700SER,https://pcpartpicker.com/product/v8KhP6/tripp-lite-ups-smart700ser,433,450,700
Tripp Lite ECO650LCD,https://pcpartpicker.com/product/ptJkcf/tripp-lite-ups-eco650lcd,,325,650
Tripp Lite OMNI1000ISO,https://pcpartpicker.com/product/zzM323/tripp-lite-ups-omni1000iso,,700,1000
Tripp Lite OMNIVSINT1500XL,https://pcpartpicker.com/product/DD8H99/tripp-lite-ups-omnivsint1500xl,448.99,940,1500
Tripp Lite SM1500XLNAFTA,https://pcpartpicker.com/product/FfH48d/tripp-lite-ups-sm1500xlnafta,,980,1500
Tripp Lite SMART3000RMOD2U,https://pcpartpicker.com/product/4tJkcf/tripp-lite-ups-smart3000rmod2u,,2880,3000
Tripp Lite SMART3000SLT,https://pcpartpicker.com/product/NLDzK8/tripp-lite-ups-smart3000slt,,2250,3000
Tripp Lite SMART3000VS,https://pcpartpicker.com/product/txYWGX/tripp-lite-ups-smart3000vs,,2250,3000
Tripp Lite INTERNET900U,https://pcpartpicker.com/product/6TH48d/tripp-lite-ups-internet900u,151.99,480,900
Tripp Lite OMNI750ISO,https://pcpartpicker.com/product/rzM323/tripp-lite-ups-omni750iso,,500,750
Tripp Lite OMNISMARTINT500PNP,https://pcpartpicker.com/product/67hj4D/tripp-lite-ups-omnismartint500pnp,,300,500
Tripp Lite SMART1050NET,https://pcpartpicker.com/product/9qkwrH/tripp-lite-ups-smart1050net,,705,1050
Tripp Lite SMART5000RT3UXR,https://pcpartpicker.com/product/LVYWGX/tripp-lite-ups-smart5000rt3uxr,,4000,5000
Tripp Lite SMARTINT1400RM,https://pcpartpicker.com/product/pxYWGX/tripp-lite-ups-smartint1400rm,,940,1400
Tripp Lite SMX1000LCD,https://pcpartpicker.com/product/wtJkcf/tripp-lite-ups-smx1000lcd,,500,1000
APC BK500,https://pcpartpicker.com/product/jCyxFT/apc-ups-bk500,197.99,300,500
APC BR1500I,https://pcpartpicker.com/product/2LDzK8/apc-ups-br1500i,,865,1500
APC DLRT8000RMXLI6U,https://pcpartpicker.com/product/k3FXsY/apc-ups-dlrt8000rmxli6u,,6400,8000
APC SU2200R3X167,https://pcpartpicker.com/product/LgL7YJ/apc-ups-su2200r3x167,,1980,2200
APC SU700X167,https://pcpartpicker.com/product/nvVBD3/apc-ups-su700x167,,450,700
APC SUA1000,https://pcpartpicker.com/product/Rhqbt6/apc-ups-sua1000,,670,1000
APC SUA1000RM1U,https://pcpartpicker.com/product/VRGj4D/apc-ups-sua1000rm1u,931.99,640,1000
APC SUA1000RM2U,https://pcpartpicker.com/product/mKZ2FT/apc-ups-sua1000rm2u,,670,1000
APC SUA1000US,https://pcpartpicker.com/product/kyfmP6/apc-ups-sua1000us,,670,1000
APC SUA1000XL,https://pcpartpicker.com/product/csJkcf/apc-ups-sua1000xl,,800,1000
APC SUA1500-RF,https://pcpartpicker.com/product/sYTrxr/apc-ups-sua1500rf,,980,1440
APC SUA1500X93,https://pcpartpicker.com/product/Bpbkcf/apc-ups-sua1500x93,,980,1440
APC SUA2200X115,https://pcpartpicker.com/product/cLDzK8/apc-ups-sua2200x115,,1980,2200
APC SUA3000RMXLI3U,https://pcpartpicker.com/product/sGfmP6/apc-ups-sua3000rmxli3u,,2700,3000
APC SUA750RM1U,https://pcpartpicker.com/product/sNNypg/apc-ups-sua750rm1u,,480,750
APC SUA750RMI1U,https://pcpartpicker.com/product/dQVBD3/apc-ups-sua750rmi1u,,480,750
CyberPower BRG1350AVRLCD,https://pcpartpicker.com/product/YsJkcf/cyberpower-ups-brg1350avrlcd,,810,1350
CyberPower CP350SLG,https://pcpartpicker.com/product/XD8H99/cyberpower-ups-cp350slg,,255,350
CyberPower CP425SLG,https://pcpartpicker.com/product/hbjWGX/cyberpower-ups-cp425slg,,255,425
CyberPower CP550SL,https://pcpartpicker.com/product/pCyxFT/cyberpower-ups-cp550sl,,330,550
CyberPower CP550SLGTAA,https://pcpartpicker.com/product/ZVYWGX/cyberpower-ups-cp550slgtaa,,330,550
CyberPower CP600LCD,https://pcpartpicker.com/product/z4Crxr/cyberpower-ups-cp600lcd,,340,600
CyberPower CP750LCDTAA,https://pcpartpicker.com/product/8pbkcf/cyberpower-ups-cp750lcdtaa,,420,750
CyberPower CP825LCD,https://pcpartpicker.com/product/TKZ2FT/cyberpower-ups-cp825lcd,,450,825
CyberPower CS16U48V-8,https://pcpartpicker.com/product/FjcMnQ/cyberpower-ups-cs16u48v8,,16,
CyberPower CS24C12V2-E,https://pcpartpicker.com/product/3Ps8TW/cyberpower-ups-cs24c12v2e,,24,
CyberPower EC350G,https://pcpartpicker.com/product/m9Wrxr/cyberpower-ups-ec350g,,255,350
CyberPower OL2000RTXL2U,https://pcpartpicker.com/product/r7Wrxr/cyberpower-ups-ol2000rtxl2u,,1800,2200
CyberPower OL2200RTXL2U,https://pcpartpicker.com/product/FvVBD3/cyberpower-ups-ol2200rtxl2u,4482.95,1800,2200
CyberPower OL6000RT3U,https://pcpartpicker.com/product/9kTrxr/cyberpower-ups-ol6000rt3u,,5400,6000
CyberPower OL8000RT3U,https://pcpartpicker.com/product/7QVBD3/cyberpower-ups-ol8000rt3u,,7200,8000
CyberPower OR1500LCDRT2U,https://pcpartpicker.com/product/JKZ2FT/cyberpower-ups-or1500lcdrt2u,545.95,900,1500
CyberPower OR1500PFCRT2U,https://pcpartpicker.com/product/fwVBD3/cyberpower-ups-or1500pfcrt2u,745.95,900,1500
CyberPower PP800SW,https://pcpartpicker.com/product/kpbkcf/cyberpower-ups-pp800sw,,550,800
CyberPower PR1000LCD,https://pcpartpicker.com/product/rNNypg/cyberpower-ups-pr1000lcd,819.95,700,1000
CyberPower PR1000LCDRM1U,https://pcpartpicker.com/product/2JVBD3/cyberpower-ups-pr1000lcdrm1u,,750,1000
CyberPower PR1000LCDRT2U,https://pcpartpicker.com/product/WFdFf7/cyberpower-ups-pr1000lcdrt2u,,700,1000
CyberPower PR1000LCDRT2UTAA,https://pcpartpicker.com/product/x8KhP6/cyberpower-ups-pr1000lcdrt2utaa,,700,1000
CyberPower PR1000LCDRTXL2U,https://pcpartpicker.com/product/6JVBD3/cyberpower-ups-pr1000lcdrtxl2u,,900,1000
CyberPower PR1000LCDRTXL2UA,https://pcpartpicker.com/product/jd648d/cyberpower-ups-pr1000lcdrtxl2ua,,750,1000
CyberPower PR1000LCDTAA,https://pcpartpicker.com/product/k2RFf7/cyberpower-ups-pr1000lcdtaa,,700,1000
CyberPower PR1500LCDRTXL2U,https://pcpartpicker.com/product/TQVBD3/cyberpower-ups-pr1500lcdrtxl2u,,1350,1500
CyberPower PR1500LCDRTXL2Ua,https://pcpartpicker.com/product/ZNNypg/cyberpower-ups-pr1500lcdrtxl2ua,,1350,1500
CyberPower PR1500LCDRTXL2UTAA,https://pcpartpicker.com/product/2vVBD3/cyberpower-ups-pr1500lcdrtxl2utaa,,1125,1500
CyberPower PR1500LCDTAA,https://pcpartpicker.com/product/bm8H99/cyberpower-ups-pr1500lcdtaa,,1050,1500
CyberPower PR1500SWRM2U,https://pcpartpicker.com/product/YkTrxr/cyberpower-ups-pr1500swrm2u,,1000,1500
CyberPower PR2200LCDRTXL2UTAA,https://pcpartpicker.com/product/6GfmP6/cyberpower-ups-pr2200lcdrtxl2utaa,,1650,2150
CyberPower PR3000LCDRTXL2UTAA,https://pcpartpicker.com/product/zJVBD3/cyberpower-ups-pr3000lcdrtxl2utaa,,2400,3000
CyberPower PR500LCDRT1U,https://pcpartpicker.com/product/sD8H99/cyberpower-ups-pr500lcdrt1u,506.95,400,500
CyberPower PR750LCD,https://pcpartpicker.com/product/dZ8H99/cyberpower-ups-pr750lcd,,525,750
CyberPower PR750LCDRM1U,https://pcpartpicker.com/product/vXH48d/cyberpower-ups-pr750lcdrm1u,,560,750
CyberPower PR750LCDRT1U,https://pcpartpicker.com/product/PZ8H99/cyberpower-ups-pr750lcdrt1u,675.95,600,700
CyberPower PR750LCDRTXL2U,https://pcpartpicker.com/product/JccMnQ/cyberpower-ups-pr750lcdrtxl2u,,675,750
CyberPower PR750LCDTAA,https://pcpartpicker.com/product/TGfmP6/cyberpower-ups-pr750lcdtaa,,525,750
CyberPower SE425G,https://pcpartpicker.com/product/MsJkcf/cyberpower-ups-se425g,,255,425
CyberPower CS50U48V,https://pcpartpicker.com/product/VVYWGX/cyberpower-ups-cs50u48v,,50,
Tripp Lite SMART500RT1U,https://pcpartpicker.com/product/DbjWGX/tripp-lite-ups-smart500rt1u,297.37,300,500
Belkin F6C500-UNV,https://pcpartpicker.com/product/47hj4D/belkin-ups-f6c500unv,,275,500
Fellowes 99066,https://pcpartpicker.com/product/4HNypg/fellowes-ups-99066,,,500
Fellowes 99067,https://pcpartpicker.com/product/fXH48d/fellowes-ups-99067,,,600
Fujitsu S26113-E400-L1,https://pcpartpicker.com/product/L8KhP6/fujitsu-ups-s26113e400l1,,980,1500
HP AF446A,https://pcpartpicker.com/product/Y3FXsY/hp-ups-af446a,,500,750
HP AF447A,https://pcpartpicker.com/product/fqkwrH/hp-ups-af447a,,500,750
HP AF448A,https://pcpartpicker.com/product/rZ8H99/hp-ups-af448a,,670,1000
HP AF451A,https://pcpartpicker.com/product/jm8H99/hp-ups-af451a,,950,1400
HP AF460A,https://pcpartpicker.com/product/4xYWGX/hp-ups-af460a,,4500,5000
HP AF461A,https://pcpartpicker.com/product/9VYWGX/hp-ups-af461a,,4500,5000
HP AF463A,https://pcpartpicker.com/product/8f8H99/hp-ups-af463a,,6300,6300
HP AF466A,https://pcpartpicker.com/product/hhqbt6/hp-ups-af466a,,2700,2880
HP AF467A,https://pcpartpicker.com/product/HPs8TW/hp-ups-af467a,,3000,3300
HP AF468A,https://pcpartpicker.com/product/p7hj4D/hp-ups-af468a,,3000,3300
HP AF469A,https://pcpartpicker.com/product/qCyxFT/hp-ups-af469a,,1000,1500
HP AF471A,https://pcpartpicker.com/product/KzM323/hp-ups-af471a,,1000,1500
IBM 2130R6X,https://pcpartpicker.com/product/MjcMnQ/ibm-ups-2130r6x,,1050,1500
IBM 53951AX,https://pcpartpicker.com/product/chqbt6/ibm-ups-53951ax,803.62,1000,1500
IBM 53951KX,https://pcpartpicker.com/product/dBPzK8/ibm-ups-53951kx,,1000,1500
IBM 53952KX,https://pcpartpicker.com/product/Jhqbt6/ibm-ups-53952kx,,1920,2200
IBM 53953KX,https://pcpartpicker.com/product/vPs8TW/ibm-ups-53953kx,,2700,3000
Lenovo 33L3478,https://pcpartpicker.com/product/86X2FT/lenovo-ups-33l3478,,,675
APC SU3000RMTX136,https://pcpartpicker.com/product/X7hj4D/apc-ups-su3000rmtx136,,2250,3000
APC BX600CI-IN,https://pcpartpicker.com/product/RVcMnQ/apc-ups-bx600ciin,,360,600
CyberPower BU800E-UK,https://pcpartpicker.com/product/zJM323/cyberpower-ups-bu800euk,,400,800
CyberPower GX1325U,https://pcpartpicker.com/product/6x98TW/cyberpower-gx1325u-ups-gx1325u,,810,1325
APC BN650M1,https://pcpartpicker.com/product/n2yV3C/apc-bn650m1-ups-bn650m1,,360,650
APC BE670M1,https://pcpartpicker.com/product/yh3gXL/apc-be670m1-ups-be670m1,,360,675
CyberPower CST1500S,https://pcpartpicker.com/product/BVQcCJ/cyberpower-cst1500s-ups-cst1500s,,900,1500
APC Back-UPS Pro 1375VA,https://pcpartpicker.com/product/ttPQzy/apc-back-ups-pro-1375va-ups-bn1375m2,,810,1375
CyberPower XC625,https://pcpartpicker.com/product/47NYcf/cyberpower-xc625-ups-xc625,,375,625
CyberPower CST150UC-FC,https://pcpartpicker.com/product/tkfV3C/cyberpower-cst150uc-fc-ups-cst150uc-fc,,900,1500
VERTIV Liebert PSA5,https://pcpartpicker.com/product/TNBFf7/vertiv-liebert-psa5-ups-psa5-500mt120,346.99,300,500
VERTIV Liebert PSl5,https://pcpartpicker.com/product/LjqNnQ/vertiv-liebert-psl5-ups-psi5-1100mt120,525.93,990,1100
VERTIV Liebert PSl5,https://pcpartpicker.com/product/GHnXsY/vertiv-liebert-psl5-ups-psi5-750mt120,443.2,675,750
