name,part_url,price,protocol,interface,color
Gigabyte GC-WBAX210,https://pcpartpicker.com/product/nRM48d/gigabyte-gc-wbax210-80211abgnacax-pcie-x1-wi-fi-adapter-gc-wbax210,25.01,Wi-Fi 6E,PCIe x1,Black / Silver
TP-Link Archer TBE550E,https://pcpartpicker.com/product/wJ7MnQ/tp-link-archer-tbe550e-80211abgnacax-pcie-x1-wi-fi-adapter-archer-tbe550e,97.98,Wi-Fi 7,PCIe x1,Black
TP-Link Archer TX3000E,https://pcpartpicker.com/product/dBFKHx/tp-link-archer-tx3000e-pcie-x1-80211abgnacax-wi-fi-adapter-archer-tx3000e,34.37,Wi-Fi 6,PCIe x1,Red / Black
TP-Link ArcherTX20E,https://pcpartpicker.com/product/LW9wrH/tp-link-archertx20e-80211abgnacax-pcie-x1-wi-fi-adapter-archertx20e,28.98,Wi-Fi 6,PCIe x1,Black
Belkin AE6000,https://pcpartpicker.com/product/NRBrxr/belkin-ae6000-usb-20-80211abgnac-wi-fi-adapter-ae6000,,Wi-Fi 5,USB Type-A 2.0,
TP-Link Archer T9UH,https://pcpartpicker.com/product/8hfhP6/tp-link-archer-t9uh-usb-30-wi-fi-adapter-archer-t9uh,,Wi-Fi 5,USB Type-A 3.2 Gen 1,Black
TP-Link Archer TX55E,https://pcpartpicker.com/product/CTcG3C/tp-link-archer-tx55e-80211abgnacax-pcie-x1-wi-fi-adapter-archer-tx55e,31.53,Wi-Fi 6,PCIe x1,
TP-Link ARCHER T2U PLUS,https://pcpartpicker.com/product/3YndnQ/tp-link-archer-t2u-plus-usb-20-wi-fi-adapter-archer-t2u-plus,13.71,Wi-Fi 5,USB Type-A 2.0,Black
Asus USB-N53,https://pcpartpicker.com/product/G9kD4D/asus-wireless-network-card-usbn53,156.99,Wi-Fi 4,USB Type-A 2.0,
MSI HERALD-BE WIFI 7 MAX,https://pcpartpicker.com/product/nvHqqs/msi-herald-be-wifi-7-max-80211abgnacax-pcie-x1-wi-fi-adapter-herald-be-wifi-7-max,58.99,Wi-Fi 7,PCIe x1,Black
Intel AX210,https://pcpartpicker.com/product/4nkWGX/intel-ax210-80211abgnacax-m2-wi-fi-adapter-ax210ngwgnv,24.98,Wi-Fi 6E,M.2 PCIe,Green
TP-Link TL-WN725N,https://pcpartpicker.com/product/wQmLrH/tp-link-wireless-network-card-tlwn725n,15.41,Wi-Fi 4,USB Type-A 2.0,
Asus PCE-AX1800,https://pcpartpicker.com/product/6MjBD3/asus-pce-ax1800-80211abgnacax-pcie-x1-wi-fi-adapter-pce-ax1800,33.99,Wi-Fi 6,PCIe x1,Black
TP-Link Archer TBE400E,https://pcpartpicker.com/product/ZxPv6h/tp-link-archer-tbe400e-80211abgnacax-pcie-x1-wi-fi-adapter-archer-tbe400e,53.99,Wi-Fi 7,PCIe x1,Black / Gold
TP-Link TL-WN881ND,https://pcpartpicker.com/product/Chh9TW/tp-link-wireless-network-card-tlwn881nd,22.99,Wi-Fi 4,PCIe x1,
D-Link DWA-180,https://pcpartpicker.com/product/xQphP6/d-link-wireless-network-card-dwa180,,Wi-Fi 5,USB Type-A 2.0,
StarTech USB150WN1X1,https://pcpartpicker.com/product/994gXL/startech-wireless-network-card-usb150wn1x1,9.5,Wi-Fi 4,USB Type-A 2.0,
TP-Link Archer T3U Plus,https://pcpartpicker.com/product/wsTzK8/tp-link-archer-t3u-plus-80211abgnac-usb-type-a-wi-fi-adapter-archer-t3u-plus,17.98,Wi-Fi 5,USB Type-A 3.2 Gen 1,
Ziyituod ZYT-AX210S,https://pcpartpicker.com/product/NQ8bt6/ziyituod-zyt-ax210s-80211abgnacax-pcie-x1-wi-fi-adapter-zyt-ax210s,24.99,Wi-Fi 6E,PCIe x1,Red
TP-Link Archer TXE72E,https://pcpartpicker.com/product/MJLFf7/tp-link-archer-txe72e-80211abgnacax-pcie-x1-wi-fi-adapter-archer-txe72e,49.97,Wi-Fi 6E,PCIe x1,
Asus PCE-AX3000,https://pcpartpicker.com/product/VT2bt6/asus-pce-ax3000-pcie-x1-80211abgnacax-wi-fi-adapter-pce-ax3000,53.99,Wi-Fi 6,PCIe x1,Black
Netgear WNA3100M-100ENS,https://pcpartpicker.com/product/YdyFf7/netgear-wireless-network-card-wna3100m100ens,,Wi-Fi 4,USB Type-A 2.0,
TP-Link ARCHER T2E,https://pcpartpicker.com/product/xsxRsY/tp-link-archer-t2e-80211abgnac-pcie-x1-wi-fi-adapter-archer-t2e,14.99,Wi-Fi 5,PCIe x1,
EDUP EP-9636GS-BL,https://pcpartpicker.com/product/zQqPxr/edup-ep-9636gs-bl-pcie-x1-80211abgnacax-wi-fi-adapter-ep-9636gs-bl,21.99,Wi-Fi 6,PCIe x1,Black
Asus PCE-AXE5400,https://pcpartpicker.com/product/44sV3C/asus-pce-axe5400-80211abgnacax-pcie-x1-wi-fi-adapter-pce-axe5400,60.65,Wi-Fi 6E,PCIe x1,Black
TP-Link Archer TX50E,https://pcpartpicker.com/product/Czdrxr/tp-link-archer-tx50e-pcie-x1-80211abgnacax-wi-fi-adapter-archer-tx50e,,Wi-Fi 6,PCIe x1,Black
TP-Link Archer TXE75E,https://pcpartpicker.com/product/nqvdnQ/tp-link-archer-txe75e-80211abgnacax-pcie-x1-wi-fi-adapter-archer-txe75e,46.97,Wi-Fi 6E,PCIe x1,
Asus PCE-BE92BT,https://pcpartpicker.com/product/n77scf/asus-pce-be92bt-80211abgnacax-pcie-x1-wi-fi-adapter-pce-be92bt,110,Wi-Fi 7,PCIe x1,Black
Asus PCE-BE6500,https://pcpartpicker.com/product/R3BFf7/asus-pce-be6500-80211abgnacax-pcie-x1-wi-fi-adapter-pce-be6500,62.99,Wi-Fi 7,PCIe x1,Black
Netgear Nighthawk A9000,https://pcpartpicker.com/product/ccjv6h/netgear-nighthawk-a9000-80211abgnacax-usb-type-a-wi-fi-adapter-a9000-100pas,104.99,Wi-Fi 7,USB Type-A 3.2 Gen 1,Black
TP-Link TL-WDN4800,https://pcpartpicker.com/product/G4H323/tp-link-wireless-network-card-tlwdn4800,,Wi-Fi 4,PCIe x1,
Asus USB-BE92 Nano,https://pcpartpicker.com/product/Fk7MnQ/asus-usb-be92-nano-80211abgnacax-usb-type-a-wi-fi-adapter-usb-be92-nano,92.98,Wi-Fi 7,USB Type-A,Black
TP-Link Archer TX20U plus,https://pcpartpicker.com/product/Cs2WGX/tp-link-archer-tx20u-plus-80211abgnacax-usb-type-a-wi-fi-adapter-archer-tx20u-plus,28.47,Wi-Fi 6,USB Type-A 3.2 Gen 1,
TP-Link Archer T4E,https://pcpartpicker.com/product/kz8j4D/tp-link-archer-t4e-pcie-x1-wi-fi-adapter-aa528899,,Wi-Fi 5,PCIe x1,
Asus ROG USB-BE92,https://pcpartpicker.com/product/9z9nTW/asus-rog-usb-be92-80211abgnacax-usb-type-a-wi-fi-adapter-rog-usb-be92,99.98,Wi-Fi 7,USB Type-A,
EDUP EP-9651,https://pcpartpicker.com/product/7NXJ7P/edup-ep-9651-80211abgnacax-pcie-x1-wi-fi-adapter-ep-ep9651,30.99,Wi-Fi 6E,PCIe x1,Blue / Black
Netgear Nighthawk AXE3000,https://pcpartpicker.com/product/gjjBD3/netgear-nighthawk-axe3000-80211abgnacax-usb-type-a-wi-fi-adapter-a8000100pas,68,Wi-Fi 6E,USB Type-A 3.2 Gen 1,Black
TP-Link Archer TBE552E,https://pcpartpicker.com/product/Ycjv6h/tp-link-archer-tbe552e-80211abgnacax-pcie-x1-wi-fi-adapter-archer-tbe552e,91.98,Wi-Fi 7,PCIe x1,Black / Gold
Asus PCE-AC56,https://pcpartpicker.com/product/bQ8Zxr/asus-wireless-network-card-pceac56,36.99,Wi-Fi 5,PCIe x1,
TP-Link Archer T5E,https://pcpartpicker.com/product/XdcRsY/tp-link-archer-t5e-pcie-x1-80211abgnac-wi-fi-adapter-archer-t5e,26.99,Wi-Fi 5,PCIe x1,Black
Ziyituod ZYT-AX200,https://pcpartpicker.com/product/QDyqqs/ziyituod-zyt-ax200-pcie-x1-80211abgnacax-wi-fi-adapter-zyt-ax200,,Wi-Fi 6,PCIe x1,Green
MSI HERALD-BE NCM865 WI-FI 7,https://pcpartpicker.com/product/zNwmP6/msi-herald-be-ncm865-wi-fi-7-80211abgnacax-pcie-x1-wi-fi-adapter-herald-be-ncm865-wi-fi-7,,Wi-Fi 7,PCIe x1,Black
Belkin F9L1101,https://pcpartpicker.com/product/YzKhP6/belkin-wireless-network-card-f9l1101,,Wi-Fi 4,USB Type-A 2.0,
TP-Link Archer TX20U Nano,https://pcpartpicker.com/product/wVgZxr/tp-link-archer-tx20u-nano-80211abgnacax-usb-type-a-wi-fi-adapter-archer-tx20u-nano,27.98,Wi-Fi 6,USB Type-A 2.0,Black
Intel Killer AX1675,https://pcpartpicker.com/product/ynjRsY/intel-killer-ax1675-80211abgnacax-pcie-x1-wi-fi-adapter-ax210d2wgnvxc,59.93,Wi-Fi 6E,PCIe x1,
Asus PCE-AXE58BT,https://pcpartpicker.com/product/JDFbt6/asus-pce-axe58bt-80211abgnacax-pcie-x1-wi-fi-adapter-pce-axe58bt,64.99,Wi-Fi 6E,PCIe x1,Black / Gold
Intel AX200,https://pcpartpicker.com/product/MMjBD3/intel-ax200-80211abgnacax-m2-e-wi-fi-adapter-ax200ngwgdtk,,Wi-Fi 6,M.2,
Intel AX210 w/vPro,https://pcpartpicker.com/product/YHVmP6/intel-ax210-wvpro-80211abgnacax-m2-wi-fi-adapter-ax210ngwg,26.99,Wi-Fi 6E,M.2 PCIe,Green
Asus PCE-AC68,https://pcpartpicker.com/product/8VMFf7/asus-wireless-network-card-pceac68,,Wi-Fi 5,PCIe x1,
TP-Link Archer T2U Nano,https://pcpartpicker.com/product/FDBTwP/tp-link-archer-t2u-nano-usb-20-wi-fi-adapter-archer-t2u-nano,14.99,Wi-Fi 4,USB Type-A 2.0,Black / Gold
Intel 7260HMWDTX1,https://pcpartpicker.com/product/HdnG3C/intel-7260hmwdtx1-none-wi-fi-adapter-7260hmwdtx1r,110,Wi-Fi 5,PCIe x1,
TP-Link Archer T6E AC1300,https://pcpartpicker.com/product/KJfmP6/tp-link-archer-t6e-ac1300-none-wi-fi-adapter-archer-t6e,55.99,Wi-Fi 5,PCIe x1,
TP-Link TL-WN781ND,https://pcpartpicker.com/product/sN8Zxr/tp-link-wireless-network-card-tlwn781nd,,Wi-Fi 4,PCIe x1,
Gigabyte GC-WB1733D-I,https://pcpartpicker.com/product/j9m323/gigabyte-gc-wb1733d-i-none-wi-fi-adapter-gc-wb1733d-i,,Wi-Fi 5,PCIe x1,Black
TP-Link Archer T4U Plus,https://pcpartpicker.com/product/MvLwrH/tp-link-archer-t4u-plus-80211abgnac-usb-type-a-wi-fi-adapter-archer-t4u-plus,22.58,Wi-Fi 5,USB Type-A 3.2 Gen 1,
Ubit AX210,https://pcpartpicker.com/product/69qPxr/ubit-ax210-80211abgnacax-pcie-x1-wi-fi-adapter-ax210,,Wi-Fi 6E,PCIe x1,Black
Asus PCE-AX58BT,https://pcpartpicker.com/product/kCzFf7/asus-pce-ax58bt-pcie-x1-wi-fi-adapter-pce-ax58bt,64,Wi-Fi 6,PCIe x1,Black
Asus USB-AC53 NANO,https://pcpartpicker.com/product/c8ZFf7/asus-usb-ac53-nano-none-wi-fi-adapter-usb-ac53-nano,36.99,Wi-Fi 5,USB Type-A 2.0,
Asus PCE-AC88,https://pcpartpicker.com/product/vwcMnQ/asus-pce-ac88-none-wi-fi-adapter-pce-ac88,,Wi-Fi 5,PCIe x1,
Gigabyte GC-WB867D-I,https://pcpartpicker.com/product/tTdqqs/gigabyte-wireless-network-card-gcwb867di,,Wi-Fi 5,PCIe x1,
MSI ‎AXE5400,https://pcpartpicker.com/product/4C9nTW/msi-axe5400-80211abgnacax-usb-type-a-wi-fi-adapter-302-8ze10xu-000,54.99,Wi-Fi 6E,USB Type-A 3.2 Gen 1,Black
Cudy WE3000,https://pcpartpicker.com/product/h7V2FT/cudy-we3000-80211abgnacax-pcie-x1-wi-fi-adapter-we3000,,Wi-Fi 6,PCIe x1,
Asus PCE-BE90BT,https://pcpartpicker.com/product/3DKnTW/asus-pce-be90bt-80211abgnacax-pcie-x1-wi-fi-adapter-pce-be90bt,64.98,Wi-Fi 7,PCIe x1,Black
Ubit G10H-AX210S,https://pcpartpicker.com/product/HZhFf7/ubit-g10h-ax210s-80211abgnacax-pcie-x1-wi-fi-adapter-g10h-ax210s,,Wi-Fi 6E,PCIe x1,
Rosewill RNX-N250PCe,https://pcpartpicker.com/product/CG9KHx/rosewill-wireless-network-card-rnxn250pce,19.88,Wi-Fi 4,PCIe x1,
TP-Link Archer T3U,https://pcpartpicker.com/product/WzBTwP/tp-link-archer-t3u-usb-30-wi-fi-adapter-archer-t3u,20,Wi-Fi 5,USB Type-A 3.2 Gen 1,Black
TP-Link Archer T9E,https://pcpartpicker.com/product/pxrcCJ/tp-link-wireless-network-card-archert9e,117.99,Wi-Fi 5,PCIe x1,
MSI BE6500,https://pcpartpicker.com/product/YrnXsY/msi-be6500-80211abgnacax-usb-type-a-wi-fi-adapter-302-8ze20xu-000,82.99,Wi-Fi 7,USB Type-A 3.2 Gen 1,Black
Gigabyte GC-WBAX200,https://pcpartpicker.com/product/z44BD3/gigabyte-gc-wbax200-pcie-x1-80211abgnacax-wi-fi-adapter-gc-wbax200,,Wi-Fi 6,PCIe x1,Black / Silver
BrosTrend AC5,https://pcpartpicker.com/product/vkCD4D/brostrend-ac5-none-wi-fi-adapter-ac5,,Wi-Fi 5,USB Type-A 2.0,Black
Asus PCE-N15,https://pcpartpicker.com/product/RZNp99/asus-wireless-network-card-pcen15,,Wi-Fi 4,PCIe x1,
TP-Link Archer T2UB Nano,https://pcpartpicker.com/product/Whstt6/tp-link-archer-t2ub-nano-80211abgnac-usb-type-a-wi-fi-adapter-archer-t2ub-nano,16.98,Wi-Fi 5,USB Type-A 2.0,Black
Asus PCE-AC55BT B1,https://pcpartpicker.com/product/6Zs8TW/asus-pce-ac55bt-b1-none-wi-fi-adapter-pce-ac55bt-b1,,Wi-Fi 5,PCIe x1,
Netgear A6210-100PAS,https://pcpartpicker.com/product/tj2rxr/netgear-wireless-network-card-a6210100pas,,Wi-Fi 5,USB Type-A 3.2 Gen 1,
3M 78-6972-0104-0,https://pcpartpicker.com/product/qDPfrH/3m-wireless-network-card-78697201040,76.99,Wi-Fi 3,USB Type-A 2.0,
NEC NP05LM1,https://pcpartpicker.com/product/4rdxFT/nec-np05lm1-80211abgn-usb-type-a-wi-fi-adapter-np05lm1,,Wi-Fi 4,USB Type-A 2.0,White
TP-Link Archer TBE400UH,https://pcpartpicker.com/product/48CCmG/tp-link-archer-tbe400uh-80211abgnacax-usb-type-a-wi-fi-adapter-archer-tbe400uh,,Wi-Fi 7,USB Type-A 3.2 Gen 1,Black / Silver
Intel AX200.NGWG.NV,https://pcpartpicker.com/product/XWwkcf/intel-ax200ngwgnv-80211abgnacax-m2-wi-fi-adapter-ax200ngwgnv,24.4,Wi-Fi 6,M.2,
Asus USB-AX56,https://pcpartpicker.com/product/JDLFf7/asus-usb-ax56-80211abgnacax-usb-type-a-wi-fi-adapter-usb-ax56,135.91,Wi-Fi 6,USB Type-A 3.2 Gen 1,Black
fenvi FV-HB1200,https://pcpartpicker.com/product/bBFmP6/fenvi-fv-hb1200-80211abgnac-pcie-x1-wi-fi-adapter-fv-hb1200,57.69,Wi-Fi 5,PCIe x1,Black / Blue
Netgear Nighthawk AC1900 A7000-10000S,https://pcpartpicker.com/product/fBCD4D/netgear-nighthawk-ac1900-a7000-10000s-usb-30-80211abgnac-wi-fi-adapter-a7000-10000s,78,Wi-Fi 5,USB Type-A 3.2 Gen 1,Black
Intel 7260HMWDTX1,https://pcpartpicker.com/product/4Yn2FT/intel-wireless-network-card-7260hmwdtx1,,Wi-Fi 5,PCIe x1,
Intel 7260,https://pcpartpicker.com/product/fhPzK8/intel-wireless-network-card-7260hmwwbr,16.98,Wi-Fi 5,Mini-PCIe,
MSI AX1800,https://pcpartpicker.com/product/cZLdnQ/msi-ax1800-80211abgnacax-usb-type-a-wi-fi-adapter-302-8ze00xu-000,50.98,Wi-Fi 6,USB Type-A 3.2 Gen 1,Black
TP-Link TL-WN823N,https://pcpartpicker.com/product/gWg323/tp-link-wireless-network-card-tlwn823n,18.64,Wi-Fi 4,USB Type-A 2.0,
StarTech USB150WN1X1W,https://pcpartpicker.com/product/wL6BD3/startech-usb150wn1x1w-usb-20-80211abgn-wi-fi-adapter-usb150wn1x1w,16.52,Wi-Fi 4,USB Type-A 2.0,
TP-Link Archer T2U,https://pcpartpicker.com/product/w3fp99/tp-link-wireless-network-card-archert2u,29.59,Wi-Fi 5,USB Type-A 2.0,
Gigabyte GC-WB867D-I REV 4.2,https://pcpartpicker.com/product/r7RFf7/gigabyte-gc-wb867d-i-rev-42-none-wi-fi-adapter-gc-wb867d-i-rev-42,,Wi-Fi 5,PCIe x1,
MSI AX1800 Nano,https://pcpartpicker.com/product/NNZWGX/msi-ax1800-nano-80211abgnacax-usb-type-a-wi-fi-adapter-ax1800nanowifiusb,29.99,Wi-Fi 6,USB Type-A 2.0,Black
fenvi FV-AXE3000,https://pcpartpicker.com/product/DJLFf7/fenvi-fv-axe3000-80211abgnacax-pcie-x1-wi-fi-adapter-fv-axe3000,,Wi-Fi 6,PCIe x1,Red / Black
D-Link DWA-582,https://pcpartpicker.com/product/3D38TW/d-link-wireless-network-card-dwa582,,Wi-Fi 5,PCIe x1,
fenvi FV-T919,https://pcpartpicker.com/product/BJ97YJ/fenvi-fv-t919-none-wi-fi-adapter-fv-t919,,Wi-Fi 5,PCIe x1,Black / Gold
fenvi FV-AX3000,https://pcpartpicker.com/product/w7xRsY/fenvi-fv-ax3000-80211abgnacax-pcie-x1-wi-fi-adapter-fv-ax3000,,Wi-Fi 6,PCIe x1,Red / Black
TP-Link Archer TXE70UH,https://pcpartpicker.com/product/LDTFf7/tp-link-archer-txe70uh-80211abgnacax-usb-type-a-wi-fi-adapter-archer-txe70uh,69.98,Wi-Fi 6E,USB Type-A 3.2 Gen 1,Black
TP-Link Archer T4U,https://pcpartpicker.com/product/qn3RsY/tp-link-wireless-network-card-archert4u,45.99,Wi-Fi 5,USB Type-A 3.2 Gen 1,
Asus PCE-N10,https://pcpartpicker.com/product/9fQypg/asus-wireless-network-card-pcen10,,Wi-Fi 4,PCIe x1,
Intel 62205ANHMWDTX1,https://pcpartpicker.com/product/b4ckcf/intel-wireless-network-card-62205anhmwdtx1,29.95,Wi-Fi 4,PCIe x1,
BrosTrend AC1,https://pcpartpicker.com/product/dYyV3C/brostrend-ac1-none-wi-fi-adapter-ac1,19.98,Wi-Fi 5,USB Type-A 3.2 Gen 1,Black
Asus PCE-AC51,https://pcpartpicker.com/product/k9ndnQ/asus-pce-ac51-none-wi-fi-adapter-pce-ac51,,Wi-Fi 5,PCIe x1,
Asus PCE-AC58BT,https://pcpartpicker.com/product/JhWfrH/asus-pce-ac58bt-none-wi-fi-adapter-pce-ac58bt,,Wi-Fi 5,PCIe x1,Blue
TP-Link Archer TX21UH,https://pcpartpicker.com/product/nbpQzy/tp-link-archer-tx21uh-80211abgnacax-usb-type-a-wi-fi-adapter-archer-tx21uh,43.97,Wi-Fi 6,USB Type-A 3.2 Gen 1,Silver / Black
EDUP EP-9651GS,https://pcpartpicker.com/product/mMJgXL/edup-ep-9651gs-80211abgnacax-pcie-x1-wi-fi-adapter-ep-9651gs,,Wi-Fi 6E,PCIe x1,Black
TP-Link Archer T1U,https://pcpartpicker.com/product/8t8H99/tp-link-archer-t1u-none-wi-fi-adapter-archer-t1u,,Wi-Fi 5,USB Type-A 2.0,
TP-Link Archer T8E,https://pcpartpicker.com/product/JdCrxr/tp-link-wireless-network-card-archert8e,79.98,Wi-Fi 5,PCIe x1,
D-Link DWA-140,https://pcpartpicker.com/product/gnPfrH/d-link-wireless-network-card-dwa140,40.99,Wi-Fi 4,USB Type-A 2.0,
TP-Link Archer T2UH,https://pcpartpicker.com/product/YWX2FT/tp-link-archer-t2uh-none-wi-fi-adapter-archer-t2uh,,Wi-Fi 5,USB Type-A 2.0,
Wavlink WL-WN675X2,https://pcpartpicker.com/product/j9kH99/wavlink-wl-wn675x2-80211abgnacax-pcie-x1-wi-fi-adapter-wl-wn675x2,,Wi-Fi 6,PCIe x1,Red
TP-Link TL-WN722N,https://pcpartpicker.com/product/psdqqs/tp-link-wireless-network-card-tlwn722n,,Wi-Fi 4,USB Type-A 2.0,
TP-Link TL-WN951N,https://pcpartpicker.com/product/qnPfrH/tp-link-wireless-network-card-tlwn951n,,Wi-Fi 4,PCI,
Rosewill RNX-AC1900PCE,https://pcpartpicker.com/product/ML2rxr/rosewill-rnx-ac1900pce-none-wi-fi-adapter-rnx-ac1900pce,45.75,Wi-Fi 5,PCIe x1,
BrosTrend AC3,https://pcpartpicker.com/product/yTdxFT/brostrend-ac3-none-wi-fi-adapter-ac3,34.99,Wi-Fi 5,USB Type-A 3.2 Gen 1,Black
TP-Link Archer T3U Nano,https://pcpartpicker.com/product/jszhP6/tp-link-archer-t3u-nano-80211abgnac-usb-type-a-wi-fi-adapter-archer-t3u-nano,16.98,Wi-Fi 5,USB Type-A 2.0,Black
TP-Link Archer T4U V2,https://pcpartpicker.com/product/73PKHx/tp-link-archer-t4u-v2-usb-30-wi-fi-adapter-archer-t4u_v2,19.98,Wi-Fi 5,USB Type-A 3.2 Gen 1,Black
Asus USB-AX55 Nano,https://pcpartpicker.com/product/TcddnQ/asus-usb-ax55-nano-80211abgnacax-usb-type-a-wi-fi-adapter-usb-ax55-nano,49.99,Wi-Fi 6,USB Type-A 2.0,Black
Asus PCE-AXE59BT,https://pcpartpicker.com/product/fhkH99/asus-pce-axe59bt-80211abgnacax-pcie-x1-wi-fi-adapter-pce-axe59bt,82.99,Wi-Fi 6E,PCIe x1,Black
Rosewill RNX-G300LX,https://pcpartpicker.com/product/LzQypg/rosewill-wireless-network-card-rnxg300lx,,Wi-Fi 3,PCI,
Intel 8265.NGWMG.S,https://pcpartpicker.com/product/CWkj4D/intel-8265ngwmgs-80211abgnac-m2-wi-fi-adapter-8265ngwmgs,,Wi-Fi 5,M.2,Green
MSI AC905C-V2,https://pcpartpicker.com/product/4kNxFT/msi-ac905c-v2-80211abgnac-pcie-x1-wi-fi-adapter-ac905c-v2,,Wi-Fi 5,PCIe x1,Black
D-Link DWA-552,https://pcpartpicker.com/product/NzJwrH/d-link-wireless-network-card-dwa552,48.06,Wi-Fi 4,PCI,
Cisco AIR-PI21AG-A-K9,https://pcpartpicker.com/product/2gGkcf/cisco-wireless-network-card-airpi21agak9,,Wi-Fi 3,PCI,
D-Link DWA-566,https://pcpartpicker.com/product/C8phP6/d-link-wireless-network-card-dwa566,41.99,Wi-Fi 4,PCIe x1,
TP-Link TL-WDN3200,https://pcpartpicker.com/product/DHPfrH/tp-link-wireless-network-card-tlwdn3200,118.99,Wi-Fi 4,USB Type-A 2.0,
Intel 7260HMW,https://pcpartpicker.com/product/BFFPxr/intel-wireless-network-card-7260hmw,,Wi-Fi 5 (5 GHz only),Mini-PCIe,
fenvi FV-8802,https://pcpartpicker.com/product/CVFKHx/fenvi-fv-8802-pcie-x1-80211abgnac-wi-fi-adapter-fv-8802,40.99,Wi-Fi 5,PCIe x1,Black / Orange
Edimax EW-7822UTC,https://pcpartpicker.com/product/9697YJ/edimax-ew-7822utc-usb-30-80211abgnac-wi-fi-adapter-ew-7822utc,25.99,Wi-Fi 5,USB Type-A 3.2 Gen 1,Black
MSI AX905C,https://pcpartpicker.com/product/FsNgXL/msi-ax905c-pcie-x1-80211abgnacax-wi-fi-adapter-ax905c,,Wi-Fi 6,PCIe x1,Black
fenvi FV-AXE210NG,https://pcpartpicker.com/product/Rmytt6/fenvi-fv-axe210ng-80211abgnacax-m2-wi-fi-adapter-fv-axe210ng,,Wi-Fi 6E,M.2,
fenvi Wi-Fi 7 FV-BE8800,https://pcpartpicker.com/product/rWdG3C/fenvi-wi-fi-7-fv-be8800-80211abgnacax-pcie-x1-wi-fi-adapter-wi-fi-7-fv-be8800,,Wi-Fi 7,PCIe x1,Red / Black
Linksys AE3000,https://pcpartpicker.com/product/NQmLrH/linksys-wireless-network-card-ae3000,36.99,Wi-Fi 4,USB Type-A 2.0,
Netgear WNDA3100-100NAS,https://pcpartpicker.com/product/bp7wrH/netgear-wireless-network-card-wnda3100100nas,59.99,Wi-Fi 4,USB Type-A 2.0,
Netgear A6100-10000S,https://pcpartpicker.com/product/fbbwrH/netgear-a6100-10000s-usb-20-80211abgnac-wi-fi-adapter-a6100-10000s,34,Wi-Fi 5,USB Type-A 2.0,Black
SIIG LB-WR0111-S1,https://pcpartpicker.com/product/DbKKHx/siig-lb-wr0111-s1-80211abgnacax-pcie-x1-wi-fi-adapter-lb-wr0111-s1,44.9,Wi-Fi 6,PCIe x1,Black
HP FH971AA,https://pcpartpicker.com/product/mbbp99/hp-wireless-network-card-fh971aa,,Wi-Fi 4,PCIe x1,
Edimax EW-7811Un,https://pcpartpicker.com/product/hHdqqs/edimax-wireless-network-card-ew7811un,,Wi-Fi 4,USB Type-A 2.0,
Linksys WUSB6300,https://pcpartpicker.com/product/PGrG3C/linksys-wireless-network-card-wusb6300,,Wi-Fi 5,USB Type-A 3.2 Gen 1,
TP-Link TL-WN821N,https://pcpartpicker.com/product/2sdqqs/tp-link-wireless-network-card-tlwn821n,,Wi-Fi 4,USB Type-A 2.0,
Netgear A6100-100PAS,https://pcpartpicker.com/product/jPR48d/netgear-wireless-network-card-a6100100pas,35,Wi-Fi 5,USB Type-A 2.0,
Edimax EW-7811UAC,https://pcpartpicker.com/product/NnkD4D/edimax-ew-7811uac-usb-20-80211abgnac-wi-fi-adapter-ew-7811uac,19.98,Wi-Fi 5,USB Type-A 2.0,
Asus PCE-AC55BT,https://pcpartpicker.com/product/X9rcCJ/asus-pce-ac55bt-none-wi-fi-adapter-pce-ac55bt,,Wi-Fi 5,PCIe x1,
Feb Smart FS-N600 Basic Edition,https://pcpartpicker.com/product/fP7v6h/feb-smart-fs-n600-basic-edition-none-wi-fi-adapter-fs-n600-basic-edition,,Wi-Fi 5,PCIe x1,
Rosewill RNX-AC1200PCEv2,https://pcpartpicker.com/product/FRc48d/rosewill-rnx-ac1200pcev2-pcie-x1-wi-fi-adapter-rnx-ac1200pcev2,,Wi-Fi 5,PCIe x1,Green
Hawking Technology HW12ACU,https://pcpartpicker.com/product/dRc48d/hawking-technology-hw12acu-usb-20-wi-fi-adapter-hw12acu,65.09,Wi-Fi 5,USB Type-A 2.0,Black
MSI AC905C,https://pcpartpicker.com/product/MLJmP6/msi-ac905c-pcie-x1-wi-fi-adapter-ac905c,35.99,Wi-Fi 5,PCIe x1,Black
TP-Link TL-WN822N,https://pcpartpicker.com/product/tTGkcf/tp-link-wireless-network-card-tlwn822n,32.9,Wi-Fi 4,USB Type-A 2.0,
Netgear A6150-100PAS,https://pcpartpicker.com/product/mysmP6/netgear-a6150-100pas-usb-20-80211abgnac-wi-fi-adapter-a6150-100pas,24.99,Wi-Fi 5,USB Type-A 2.0,Black
TRENDnet TEW-703PIL,https://pcpartpicker.com/product/w6Gkcf/trendnet-wireless-network-card-tew703pil,,Wi-Fi 4,PCI,
Rosewill N900PCE,https://pcpartpicker.com/product/wR7wrH/rosewill-wireless-network-card-n900pce,,Wi-Fi 4,PCIe x1,
Rosewill RNX-N600UBE,https://pcpartpicker.com/product/NKvRsY/rosewill-wireless-network-card-rnxn600ube,,Wi-Fi 4,USB Type-A 2.0,
D-Link DWA-130,https://pcpartpicker.com/product/Lc9KHx/d-link-wireless-network-card-dwa130,,Wi-Fi 4,USB Type-A 2.0,
D-Link DWA-160,https://pcpartpicker.com/product/W94gXL/d-link-wireless-network-card-dwa160,36.99,Wi-Fi 4,USB Type-A 2.0,
TP-Link TL-WDN3800,https://pcpartpicker.com/product/LTGkcf/tp-link-wireless-network-card-tlwdn3800,,Wi-Fi 4,PCIe x1,
TP-Link TL-WN751ND,https://pcpartpicker.com/product/NmXfrH/tp-link-wireless-network-card-tlwn751nd,69.99,Wi-Fi 4,PCI,
D-Link DWA-525,https://pcpartpicker.com/product/tGphP6/d-link-wireless-network-card-dwa525,,Wi-Fi 4,PCI,
Edimax EW-7128Gn,https://pcpartpicker.com/product/Krdqqs/edimax-wireless-network-card-ew7128gn,,Wi-Fi 4,PCI,
Asus USB-AC53,https://pcpartpicker.com/product/2p7wrH/asus-wireless-network-card-usbac53,,Wi-Fi 5,USB Type-A 2.0,
Edimax EW-7811UTC,https://pcpartpicker.com/product/Qqckcf/edimax-wireless-network-card-ew7811utc,17.98,Wi-Fi 5,USB Type-A 2.0,
TP-Link TL-WDN4200,https://pcpartpicker.com/product/jpyFf7/tp-link-wireless-network-card-tlwdn4200,,Wi-Fi 4,USB Type-A 2.0,
Rosewill RNX-AC1200PCE,https://pcpartpicker.com/product/WTdqqs/rosewill-wireless-network-card-rnxac1200pce,,Wi-Fi 5,PCIe x1,
StarTech USB433WACDB,https://pcpartpicker.com/product/4cCrxr/startech-wireless-network-card-usb433wacdb,23.84,Wi-Fi 5,USB Type-A 2.0,
Intel 3160.NGWG,https://pcpartpicker.com/product/w4DzK8/intel-wireless-network-card-3160ngwg,,Wi-Fi 5,Mini-PCIe,
Asus USB-AC68,https://pcpartpicker.com/product/TBL7YJ/asus-usb-ac68-none-wi-fi-adapter-usb-ac68,,Wi-Fi 5,USB Type-A 3.2 Gen 1,
Syba SY-PEX23063,https://pcpartpicker.com/product/WwVBD3/syba-sy-pex23063-none-wi-fi-adapter-sy-pex23063,,Wi-Fi 4,PCIe x1,
BrosTrend AC1L,https://pcpartpicker.com/product/PHYLrH/brostrend-ac1l-none-wi-fi-adapter-ac1l,29.99,Wi-Fi 5,USB Type-A 3.2 Gen 1,Black
Rosewill RNX-AC600NUBv2,https://pcpartpicker.com/product/94zkcf/rosewill-rnx-ac600nubv2-usb-20-wi-fi-adapter-rnx-ac600nubv2,,Wi-Fi 5,USB Type-A 2.0,Black
Gigabyte GC-WBAX1200,https://pcpartpicker.com/product/rghv6h/gigabyte-gc-wbax1200-80211abgnacax-pcie-x1-wi-fi-adapter-gc-wbax1200,,Wi-Fi 6E,PCIe x1,Black
Rosewill RNX-AC1300PCEv2,https://pcpartpicker.com/product/CWpzK8/rosewill-rnx-ac1300pcev2-80211abgnac-pcie-x1-wi-fi-adapter-rnx-ac1300pcev2,,Wi-Fi 5,PCIe x1,Black
Intel 9560.NGWG.NVR,https://pcpartpicker.com/product/tLTZxr/intel-9560ngwgnvr-80211abgnac-m2-wi-fi-adapter-9560ngwgnvr,,Wi-Fi 5,M.2,Silver
TP-Link TL-WN851ND,https://pcpartpicker.com/product/PqCwrH/tp-link-wireless-network-card-tlwn851nd,,Wi-Fi 4,PCI,
D-Link DWA-171,https://pcpartpicker.com/product/B3rG3C/d-link-wireless-network-card-dwa171,40.99,Wi-Fi 5,USB Type-A 2.0,
Intel 7260,https://pcpartpicker.com/product/VfrcCJ/intel-wireless-network-card-7260,29.99,Wi-Fi 4,Mini-PCIe,
Asus PCE-AC66,https://pcpartpicker.com/product/qc8Zxr/asus-wireless-network-card-pceac66,,Wi-Fi 5,PCIe x1,
Intel 2200BNHMWDTX1G,https://pcpartpicker.com/product/k4ckcf/intel-wireless-network-card-2200bnhmwdtx1g,,Wi-Fi 4,PCIe x1,
Linksys WMP600N,https://pcpartpicker.com/product/LJJwrH/linksys-wireless-network-card-wmp600n,,Wi-Fi 4,PCI,
Rosewill RNX-N150PCe,https://pcpartpicker.com/product/Z6JwrH/rosewill-wireless-network-card-rnxn150pce,,Wi-Fi 4,PCIe x1,
Rosewill RNX-N180UBE,https://pcpartpicker.com/product/YM9KHx/rosewill-wireless-network-card-rnxn180ube,,Wi-Fi 4,USB Type-A 2.0,
Intel 62205AN.HMWWB,https://pcpartpicker.com/product/r9kD4D/intel-wireless-network-card-62205anhmwwb,,Wi-Fi 4,Half Mini-PCIe,
Intel 6235AN.HMWWB,https://pcpartpicker.com/product/WM9KHx/intel-wireless-network-card-6235anhmwwb,17,Wi-Fi 4,Half Mini-PCIe,
Asus PCE-N53,https://pcpartpicker.com/product/Fc8Zxr/asus-wireless-network-card-pcen53,,Wi-Fi 4,PCIe x1,
Linksys AE2500,https://pcpartpicker.com/product/fHPfrH/linksys-wireless-network-card-ae2500,48.99,Wi-Fi 4,USB Type-A 2.0,
Patriot PCUSBW1150,https://pcpartpicker.com/product/7KvRsY/patriot-wireless-network-card-pcusbw1150,,Wi-Fi 4,USB Type-A 2.0,
Rosewill N600PCE,https://pcpartpicker.com/product/GrNp99/rosewill-wireless-network-card-n600pce,,Wi-Fi 4,PCIe x1,
TRENDnet TEW-424UB,https://pcpartpicker.com/product/YTGkcf/trendnet-wireless-network-card-tew424ub,,Wi-Fi 3,USB Type-A 2.0,
D-Link DWA-121,https://pcpartpicker.com/product/wYvRsY/d-link-wireless-network-card-dwa121,,Wi-Fi 4,USB Type-A 2.0,
D-Link DWA-182,https://pcpartpicker.com/product/BvBv6h/d-link-wireless-network-card-dwa182,49.35,Wi-Fi 5,USB Type-A 2.0,
D-Link DWA-548,https://pcpartpicker.com/product/cx8Zxr/d-link-wireless-network-card-dwa548,,Wi-Fi 4,PCIe x1,
Netgear A6200-100NAS,https://pcpartpicker.com/product/np7wrH/netgear-wireless-network-card-a6200100nas,27.99,Wi-Fi 5,USB Type-A 2.0,
Netgear WNA1100-100ENS,https://pcpartpicker.com/product/XRrG3C/netgear-wireless-network-card-wna1100100ens,69.99,Wi-Fi 4,USB Type-A 2.0,
TP-Link TL-WN350GD,https://pcpartpicker.com/product/cKzv6h/tp-link-wireless-network-card-tlwn350gd,,Wi-Fi 3,PCI,
TP-Link TL-WN727N,https://pcpartpicker.com/product/J94gXL/tp-link-wireless-network-card-tlwn727n,,Wi-Fi 4,USB Type-A 2.0,
Intel 7260HMW,https://pcpartpicker.com/product/bvphP6/intel-7260hmw-half-mini-pcie-80211abgnac-wi-fi-adapter-7260hmwwb,,Wi-Fi 5,Half Mini-PCIe,
Orico ORICO WRD150,https://pcpartpicker.com/product/GC7wrH/orico-wireless-network-card-oricowrd150,,Wi-Fi 4,USB Type-A 2.0,
TP-Link TL-WN7200ND,https://pcpartpicker.com/product/yzJwrH/tp-link-wireless-network-card-tlwn7200nd,,Wi-Fi 4,USB Type-A 2.0,
TRENDnet TEW-643PI,https://pcpartpicker.com/product/xHPfrH/trendnet-wireless-network-card-tew643pi,25,Wi-Fi 4,PCI,
D-Link DWA-131,https://pcpartpicker.com/product/wbmLrH/d-link-dwa-131-80211abgn-usb-type-a-wi-fi-adapter-dwa-131,,Wi-Fi 4,USB Type-A 2.0,
D-Link DWA-162,https://pcpartpicker.com/product/hLMFf7/d-link-wireless-network-card-dwa162,19.99,Wi-Fi 4,USB Type-A 2.0,
Edimax EW-7612PIn,https://pcpartpicker.com/product/tGrG3C/edimax-wireless-network-card-ew7612pin,,Wi-Fi 4,PCIe x1,
Edimax EW-7822UAC,https://pcpartpicker.com/product/QJ6BD3/edimax-wireless-network-card-ew7822uac,,Wi-Fi 5,USB Type-A 3.2 Gen 1,
Hawking Technology HWUG1,https://pcpartpicker.com/product/r4H323/hawking-technology-wireless-network-card-hwug1,,Wi-Fi 3,USB Type-A 2.0,
Asus USB-AC56,https://pcpartpicker.com/product/dmYXsY/asus-wireless-network-card-usbac56,,Wi-Fi 5,USB Type-A 3.2 Gen 1,
Linksys WUSB600N,https://pcpartpicker.com/product/LKYXsY/linksys-wireless-network-card-wusb600n,36.99,Wi-Fi 4,USB Type-A 2.0,
Asus USB-AC51,https://pcpartpicker.com/product/G2tCmG/asus-wireless-network-card-usbac51,,Wi-Fi 5,USB Type-A 2.0,
Cisco AE2500,https://pcpartpicker.com/product/YLrcCJ/cisco-wireless-network-card-ae2500,32.99,Wi-Fi 4,USB Type-A 2.0,
Hawking Technology HD65U,https://pcpartpicker.com/product/htXfrH/hawking-technology-wireless-network-card-hd65u,,Wi-Fi 5,USB Type-A 2.0,
D-Link DWA-192,https://pcpartpicker.com/product/gZfmP6/d-link-dwa-192-none-wi-fi-adapter-dwa-192,,Wi-Fi 5,USB Type-A 3.2 Gen 1,
AVM FRITZ! WLAN Stick AC 430 MU-MIMO,https://pcpartpicker.com/product/dJPKHx/avm-fritz-wlan-stick-ac-430-mu-mimo-none-wi-fi-adapter-20002766,,Wi-Fi 5,USB Type-A 2.0,White / Red
BrosTrend AC3L Linux Wi-Fi Adapter,https://pcpartpicker.com/product/JHYLrH/brostrend-ac3l-linux-wi-fi-adapter-none-wi-fi-adapter-ac3l-linux-wi-fi-adapter,39.99,Wi-Fi 5,USB Type-A 3.2 Gen 1,Black
Rosewill RNX-AC600HGUBEv2,https://pcpartpicker.com/product/RrKcCJ/rosewill-rnx-ac600hgubev2-usb-20-wi-fi-adapter-rnx-ac600hgubev2,,Wi-Fi 5,USB Type-A 2.0,Black
StarTech USB433ACD1X1,https://pcpartpicker.com/product/N3PKHx/startech-usb433acd1x1-usb-20-wi-fi-adapter-usb433acd1x1,23.39,Wi-Fi 5,USB Type-A 2.0,Black
Edimax EW-7612PIN V2,https://pcpartpicker.com/product/s9448d/edimax-ew-7612pin-v2-pcie-x1-wi-fi-adapter-ew-7612pin-v2,,Wi-Fi 4,PCIe x1,Green
Rosewill RNX-AC2030PCE,https://pcpartpicker.com/product/tBmFf7/rosewill-rnx-ac2030pce-pcie-x1-wi-fi-adapter-rnx-ac2030pce,,Wi-Fi 5,PCIe x1,Red / Black
Sabrent USBG802,https://pcpartpicker.com/product/trVG3C/sabrent-usbg802-usb-20-wi-fi-adapter-usbg802,,Wi-Fi 3,USB Type-A 2.0,Black
InFocus INA-WIFIUSB-4,https://pcpartpicker.com/product/G8DJ7P/infocus-ina-wifiusb-4-usb-20-80211bgnac-wi-fi-adapter-ina-wifiusb-4,,Wi-Fi 5,USB Type-A 2.0,Black
Ziyituod ZYT-7265,https://pcpartpicker.com/product/Fgxbt6/ziyituod-zyt-7265-pcie-x1-80211abgnac-wi-fi-adapter-zyt-7265,,Wi-Fi 5,PCIe x1,Green
Intel AX210,https://pcpartpicker.com/product/n72WGX/intel-ax210-80211abgnacax-m2-wi-fi-adapter-ax210ngwgienv,,Wi-Fi 6E,M.2 PCIe,Green
fenvi FV-2030T,https://pcpartpicker.com/product/LcGhP6/fenvi-fv-2030t-80211abgnac-pcie-x1-wi-fi-adapter-fv-2030t,,Wi-Fi 5,PCIe x1,Red
D-Link DWA-X1850,https://pcpartpicker.com/product/zTytt6/d-link-dwa-x1850-80211abgnacax-usb-type-a-wi-fi-adapter-dwa-x1850,,Wi-Fi 6,USB Type-A 3.2 Gen 1,
SIIG LB-WR0011-S1,https://pcpartpicker.com/product/7LhmP6/siig-lb-wr0011-s1-80211abgnac-pcie-x1-wi-fi-adapter-lb-wr0011-s1,52.19,Wi-Fi 5,PCIe x1,Black
SIIG JU-WR0112-S2,https://pcpartpicker.com/product/M3mFf7/siig-ju-wr0112-s2-80211abgn-usb-type-a-wi-fi-adapter-ju-wr0112-s2,22.99,Wi-Fi 4,USB Type-A 2.0,Black
StarTech PEX300WN2X2,https://pcpartpicker.com/product/Fc9KHx/startech-wireless-network-card-pex300wn2x2,25.41,Wi-Fi 4,PCIe x1,
Asus USB-N10,https://pcpartpicker.com/product/KYkD4D/asus-wireless-network-card-usbn10,,Wi-Fi 4,USB Type-A 2.0,
Belkin F7D2102,https://pcpartpicker.com/product/v8DwrH/belkin-wireless-network-card-f7d2102,,Wi-Fi 4,USB Type-A 2.0,
Belkin B2N002,https://pcpartpicker.com/product/TvXfrH/belkin-wireless-network-card-b2n002,72.72,Wi-Fi 4,USB Type-A 2.0,
Asus USB-N13,https://pcpartpicker.com/product/Qtzv6h/asus-wireless-network-card-usbn13,,Wi-Fi 4,USB Type-A 2.0,
Encore ENEWI-1XN42,https://pcpartpicker.com/product/kFvRsY/encore-wireless-network-card-enewi1xn42,,Wi-Fi 4,PCIe x1,
Encore ENUWI-G2,https://pcpartpicker.com/product/MsDwrH/encore-wireless-network-card-enuwig2,,Wi-Fi 3,USB Type-A 2.0,
IOGEAR GWU625,https://pcpartpicker.com/product/CTQypg/iogear-wireless-network-card-gwu625,,Wi-Fi 4,USB Type-A 2.0,
Intel 633AN.HMWWB,https://pcpartpicker.com/product/kkphP6/intel-wireless-network-card-633anhmwwb,,Wi-Fi 4,Half Mini-PCIe,
Rosewill RNX-MiniN2(RWLD-11002),https://pcpartpicker.com/product/zqjG3C/rosewill-wireless-network-card-rnxminin2rwld11002,,Wi-Fi 4,USB Type-A 2.0,
Rosewill RNX-N150PCx,https://pcpartpicker.com/product/B2JwrH/rosewill-wireless-network-card-rnxn150pcx,,Wi-Fi 4,PCI,
Rosewill RNX-N150UBE,https://pcpartpicker.com/product/4rNp99/rosewill-wireless-network-card-rnxn150ube,,Wi-Fi 4,USB Type-A 2.0,
Rosewill RNX-N180UB,https://pcpartpicker.com/product/nmw323/rosewill-wireless-network-card-rnxn180ub,,Wi-Fi 4,USB Type-A 2.0,
Rosewill RNX-N250UBE,https://pcpartpicker.com/product/cJckcf/rosewill-wireless-network-card-rnxn250ube,,Wi-Fi 4,USB Type-A 2.0,
Rosewill RNX-N300X,https://pcpartpicker.com/product/fNdqqs/rosewill-wireless-network-card-rnxn300x,,Wi-Fi 4,PCI,
StarTech USB300WN2X2D,https://pcpartpicker.com/product/YvXfrH/startech-usb300wn2x2d-usb-20-80211abgn-wi-fi-adapter-usb300wn2x2d,,Wi-Fi 4,USB Type-A 2.0,
Syba CL-ADA23032,https://pcpartpicker.com/product/wxphP6/syba-wireless-network-card-clada23032,,Wi-Fi 4,USB Type-A 2.0,
Syba CL-ADA24004,https://pcpartpicker.com/product/4xphP6/syba-wireless-network-card-clada24004,,Wi-Fi 4,USB Type-A 2.0,
Syba SY-ADA23026,https://pcpartpicker.com/product/Mjdqqs/syba-wireless-network-card-syada23026,,Wi-Fi 4,USB Type-A 2.0,
TRENDnet TEW-648UB,https://pcpartpicker.com/product/dX4gXL/trendnet-wireless-network-card-tew648ub,,Wi-Fi 4,USB Type-A 2.0,
TRENDnet TEW-648UBM,https://pcpartpicker.com/product/CbmLrH/trendnet-wireless-network-card-tew648ubm,,Wi-Fi 4,USB Type-A 2.0,
TRENDnet TEW-646UBH,https://pcpartpicker.com/product/cYvRsY/trendnet-wireless-network-card-tew646ubh,,Wi-Fi 4,USB Type-A 2.0,
TRENDnet TEW-703PI,https://pcpartpicker.com/product/D2vRsY/trendnet-wireless-network-card-tew703pi,,Wi-Fi 4,PCI,
Rosewill N900UBE,https://pcpartpicker.com/product/fM9KHx/rosewill-wireless-network-card-n900ube,,Wi-Fi 4,USB Type-A 2.0,
Asus USB-N66,https://pcpartpicker.com/product/M9kD4D/asus-wireless-network-card-usbn66,,Wi-Fi 4,USB Type-A 2.0,
Linksys AE1200-NP,https://pcpartpicker.com/product/GGphP6/linksys-wireless-network-card-ae1200np,,Wi-Fi 4,USB Type-A 2.0,
Linksys AE1200,https://pcpartpicker.com/product/nHPfrH/linksys-wireless-network-card-ae1200,,Wi-Fi 4,USB Type-A 2.0,
Rosewill RNWD-N1501UB,https://pcpartpicker.com/product/DG9KHx/rosewill-wireless-network-card-rnwdn1501ub,,Wi-Fi 4,USB Type-A 2.0,
Linksys AE3000-NP,https://pcpartpicker.com/product/MZV48d/linksys-wireless-network-card-ae3000np,,Wi-Fi 4,USB Type-A 2.0,
Rosewill RNX-N250PC2,https://pcpartpicker.com/product/nYkD4D/rosewill-wireless-network-card-rnxn250pc2,,Wi-Fi 4,PCI,
Rosewill RNX-N150HG,https://pcpartpicker.com/product/s9kD4D/rosewill-wireless-network-card-rnxn150hg,,Wi-Fi 4,USB Type-A 2.0,
Linksys AE2500-NP,https://pcpartpicker.com/product/4qCwrH/linksys-wireless-network-card-ae2500np,,Wi-Fi 4,USB Type-A 2.0,
Rosewill RNWD-N1502UBE,https://pcpartpicker.com/product/ML3RsY/rosewill-wireless-network-card-rnwdn1502ube,,Wi-Fi 4,USB Type-A 2.0,
Belkin E9L1500,https://pcpartpicker.com/product/j8DwrH/belkin-wireless-network-card-e9l1500,,Wi-Fi 4,USB Type-A 2.0,
Belkin E9L3000,https://pcpartpicker.com/product/6vXfrH/belkin-wireless-network-card-e9l3000,,Wi-Fi 4,USB Type-A 2.0,
Belkin E9L6000,https://pcpartpicker.com/product/ZnxfrH/belkin-wireless-network-card-e9l6000,,Wi-Fi 4,USB Type-A 2.0,
Belkin E9L7500,https://pcpartpicker.com/product/BQrG3C/belkin-wireless-network-card-e9l7500,,Wi-Fi 4,USB Type-A 2.0,
Diamond WL700NXS,https://pcpartpicker.com/product/Vjdqqs/diamond-wireless-network-card-wl700nxs,,Wi-Fi 4,USB Type-A 2.0,
Encore ENUWI-1XN42,https://pcpartpicker.com/product/DYkD4D/encore-wireless-network-card-enuwi1xn42,,Wi-Fi 4,USB Type-A 2.0,
Encore ENUWI-1XN45,https://pcpartpicker.com/product/rTQypg/encore-wireless-network-card-enuwi1xn45,,Wi-Fi 4,USB Type-A 2.0,
Encore ENUWI-1XN4M,https://pcpartpicker.com/product/2HCwrH/encore-wireless-network-card-enuwi1xn4m,,Wi-Fi 4,USB Type-A 2.0,
Encore ENUWI-2XN42,https://pcpartpicker.com/product/xXDwrH/encore-wireless-network-card-enuwi2xn42,,Wi-Fi 4,USB Type-A 2.0,
Encore ENUWI-2XN45,https://pcpartpicker.com/product/mYkD4D/encore-wireless-network-card-enuwi2xn45,,Wi-Fi 4,USB Type-A 2.0,
IOGEAR GWU627W6,https://pcpartpicker.com/product/sTQypg/iogear-wireless-network-card-gwu627w6,,Wi-Fi 4,USB Type-A 2.0,
Intel 2200BNHMWDTX1,https://pcpartpicker.com/product/2qjG3C/intel-wireless-network-card-2200bnhmwdtx1,,Wi-Fi 4,PCIe x1,
TRENDnet TEW-684UB,https://pcpartpicker.com/product/J8phP6/trendnet-wireless-network-card-tew684ub,,Wi-Fi 4,USB Type-A 2.0,
TRENDnet TEW-649UB,https://pcpartpicker.com/product/yX4gXL/trendnet-wireless-network-card-tew649ub,,Wi-Fi 4,USB Type-A 2.0,
Encore ENEWI-1XN45,https://pcpartpicker.com/product/GQrG3C/encore-wireless-network-card-enewi1xn45,,Wi-Fi 4,PCIe x1,
Encore ENEWI-2XN42,https://pcpartpicker.com/product/wWFPxr/encore-wireless-network-card-enewi2xn42,,Wi-Fi 4,PCIe x1,
Encore ENEWI-2XN45,https://pcpartpicker.com/product/8nxfrH/encore-wireless-network-card-enewi2xn45,,Wi-Fi 4,PCIe x1,
TRENDnet TEW-623PI,https://pcpartpicker.com/product/P3Lypg/trendnet-wireless-network-card-tew623pi,,Wi-Fi 4,PCI,
D-Link DWA-125,https://pcpartpicker.com/product/Wc9KHx/d-link-wireless-network-card-dwa125,45.99,Wi-Fi 4,USB Type-A 2.0,
Netgear WN311B-100NAS,https://pcpartpicker.com/product/6BXfrH/netgear-wireless-network-card-wn311b100nas,,Wi-Fi 4,PCI,
Netgear WNA1000M-100ENS,https://pcpartpicker.com/product/PJJwrH/netgear-wireless-network-card-wna1000m100ens,,Wi-Fi 4,USB Type-A 2.0,
Netgear WNA3100-100ENS,https://pcpartpicker.com/product/JnPfrH/netgear-wireless-network-card-wna3100100ens,,Wi-Fi 4,USB Type-A 2.0,
Netgear WNDA4100-100NAS,https://pcpartpicker.com/product/dbmLrH/netgear-wireless-network-card-wnda4100100nas,,Wi-Fi 4,USB Type-A 2.0,
TP-Link TL-WN723N,https://pcpartpicker.com/product/HgvRsY/tp-link-wireless-network-card-tlwn723n,,Wi-Fi 4,USB Type-A 2.0,
Intel 6235ANHMW,https://pcpartpicker.com/product/7ztCmG/intel-wireless-network-card-6235anhmw,,Wi-Fi 4,Half Mini-PCIe,
Intel 105,https://pcpartpicker.com/product/dMjG3C/intel-wireless-network-card-105bnhmwwb,,Wi-Fi 4,Mini-PCIe,
Intel 135,https://pcpartpicker.com/product/DtvRsY/intel-wireless-network-card-135bnhmwwb,,Wi-Fi 4,Mini-PCIe,
Intel 2200BNHMW,https://pcpartpicker.com/product/4TGkcf/intel-wireless-network-card-2200bnhmwwb,,Wi-Fi 4,Mini-PCIe,
Intel 7260HMW,https://pcpartpicker.com/product/8T6BD3/intel-wireless-network-card-7260hmwanwb,,Wi-Fi 4,Mini-PCIe,
Intel 7260HMW BN,https://pcpartpicker.com/product/mPR48d/intel-wireless-network-card-7260hmwbnwb,,Wi-Fi 4,Mini-PCIe,
Linksys AE6000,https://pcpartpicker.com/product/4MjG3C/linksys-wireless-network-card-ae6000,,Wi-Fi 5,USB Type-A 2.0,
Orico ORICO WRA150,https://pcpartpicker.com/product/2k2kcf/orico-wireless-network-card-oricowra150,,Wi-Fi 4,USB Type-A 2.0,
Orico ORICO WRB150,https://pcpartpicker.com/product/rGphP6/orico-wireless-network-card-oricowrb150bk,,Wi-Fi 4,USB Type-A 2.0,
Orico ORICO WRB150,https://pcpartpicker.com/product/kDPfrH/orico-wireless-network-card-oricowrb150wh,,Wi-Fi 4,USB Type-A 2.0,
Orico WRD150BLK,https://pcpartpicker.com/product/rGrG3C/orico-wireless-network-card-wrd150blk,,Wi-Fi 4,USB Type-A 2.0,
Samsung WIS12ABGNX/XAA,https://pcpartpicker.com/product/RFQypg/samsung-wireless-network-card-wis12abgnxxaa,,Wi-Fi 4,USB Type-A 2.0,
StarTech PCI300WN2X2,https://pcpartpicker.com/product/Mmbp99/startech-wireless-network-card-pci300wn2x2,,Wi-Fi 4,PCI,
TP-Link TL-WN8200ND,https://pcpartpicker.com/product/MN8Zxr/tp-link-wireless-network-card-tlwn8200nd,,Wi-Fi 4,USB Type-A 2.0,
TRENDnet TEW-624UB,https://pcpartpicker.com/product/rMzv6h/trendnet-wireless-network-card-tew624ub,,Wi-Fi 4,USB Type-A 2.0,
TRENDnet TEW-664UB,https://pcpartpicker.com/product/K94gXL/trendnet-wireless-network-card-tew664ub,63.99,Wi-Fi 4,USB Type-A 2.0,
TRENDnet TEW-726EC,https://pcpartpicker.com/product/DcJwrH/trendnet-wireless-network-card-tew726ec,,Wi-Fi 4,PCIe x1,
TRENDnet TEW-805UB,https://pcpartpicker.com/product/LwxfrH/trendnet-wireless-network-card-tew805ub,,Wi-Fi 5,USB Type-A 3.2 Gen 1,
Edimax EW-7711USN,https://pcpartpicker.com/product/ggkD4D/edimax-wireless-network-card-ew7711usn,,Wi-Fi 4,USB Type-A 2.0,
Edimax EW-7722In,https://pcpartpicker.com/product/qFQypg/edimax-wireless-network-card-ew7722in,,Wi-Fi 4,PCI,
Edimax EW-7722UTn,https://pcpartpicker.com/product/mtPfrH/edimax-wireless-network-card-ew7722utn,,Wi-Fi 4,USB Type-A 2.0,
Edimax EW-7722PnD,https://pcpartpicker.com/product/FVMFf7/edimax-wireless-network-card-ew7722pnd,,Wi-Fi 4,PCIe x1,
Edimax EW-7722UnD,https://pcpartpicker.com/product/VNK7YJ/edimax-wireless-network-card-ew7722und,,Wi-Fi 4,USB Type-A 2.0,
Hawking Technology HAWNU1,https://pcpartpicker.com/product/TMzv6h/hawking-technology-wireless-network-card-hawnu1,,Wi-Fi 4,USB Type-A 2.0,
Hawking Technology HAWNU2,https://pcpartpicker.com/product/BqCwrH/hawking-technology-wireless-network-card-hawnu2,,Wi-Fi 4,USB Type-A 2.0,
Hawking Technology HD45U,https://pcpartpicker.com/product/zPw323/hawking-technology-wireless-network-card-hd45u,,Wi-Fi 4,USB Type-A 2.0,
Hawking Technology HWDN3,https://pcpartpicker.com/product/MMjG3C/hawking-technology-wireless-network-card-hwdn3,,Wi-Fi 4,USB Type-A 2.0,
Hawking Technology HWUN4,https://pcpartpicker.com/product/Zc9KHx/hawking-technology-wireless-network-card-hwun4,,Wi-Fi 4,USB Type-A 2.0,
IOGEAR GWU523,https://pcpartpicker.com/product/Qch9TW/iogear-wireless-network-card-gwu523,,Wi-Fi 3,USB Type-A 2.0,
Patriot PCBOWAU2-N,https://pcpartpicker.com/product/XQmLrH/patriot-wireless-network-card-pcbowau2n,,Wi-Fi 4,USB Type-A 2.0,
Rosewill RNX-G300EX,https://pcpartpicker.com/product/99V48d/rosewill-wireless-network-card-rnxg300ex,,Wi-Fi 3,PCI,
SIIG CN-WR0811-S1,https://pcpartpicker.com/product/HrZQzy/siig-wireless-network-card-cnwr0811s1,,Wi-Fi 4,PCIe x1,
TP-Link TL-WN721N,https://pcpartpicker.com/product/RWg323/tp-link-wireless-network-card-tlwn721n,,Wi-Fi 4,USB Type-A 2.0,
Belkin F9L1001,https://pcpartpicker.com/product/qRQypg/belkin-wireless-network-card-f9l1001,,Wi-Fi 4,USB Type-A 2.0,
Belkin F9L1002,https://pcpartpicker.com/product/s6kD4D/belkin-wireless-network-card-f9l1002,,Wi-Fi 4,USB Type-A 2.0,
Belkin F9L1103,https://pcpartpicker.com/product/cQXfrH/belkin-wireless-network-card-f9l1103,,Wi-Fi 4,USB Type-A 2.0,
Belkin F9L1109-OM,https://pcpartpicker.com/product/CB2kcf/belkin-wireless-network-card-f9l1109om,,Wi-Fi 5,USB Type-A 3.2 Gen 1,
Buffalo Technology WI-U2-300D,https://pcpartpicker.com/product/MqTmP6/buffalo-technology-wireless-network-card-wiu2300d,,Wi-Fi 4,USB Type-A 2.0,
Belkin F7D1102,https://pcpartpicker.com/product/Jg2kcf/belkin-f7d1102-usb-20-80211abgn-wi-fi-adapter-f7d1102,,Wi-Fi 4,USB Type-A 2.0,
Buffalo Technology WI-U2-433DM,https://pcpartpicker.com/product/wT6BD3/buffalo-technology-wireless-network-card-wiu2433dm,,Wi-Fi 5,USB Type-A 2.0,
Cisco AM10,https://pcpartpicker.com/product/c7zv6h/cisco-wireless-network-card-am10,,Wi-Fi 4,USB Type-A 2.0,
D-Link N69506,https://pcpartpicker.com/product/dYn2FT/d-link-wireless-network-card-n69506,,Wi-Fi 4,USB Type-A 2.0,
D-Link DWA-548,https://pcpartpicker.com/product/wXxfrH/d-link-wireless-network-card-pl1154,,Wi-Fi 4,PCIe x1,
Encore ENLWI-N3,https://pcpartpicker.com/product/PdsKHx/encore-wireless-network-card-enlwin3,,Wi-Fi 4,PCI,
Rosewill AC1200UBE,https://pcpartpicker.com/product/Zs9KHx/rosewill-wireless-network-card-ac1200ube,,Wi-Fi 5,USB Type-A 3.2 Gen 1,
SIIG JU-WR0012-S1,https://pcpartpicker.com/product/jRQypg/siig-wireless-network-card-juwr0012s1,,Wi-Fi 4,USB Type-A 2.0,
SIIG JU-WR0212-S1,https://pcpartpicker.com/product/Bz2kcf/siig-wireless-network-card-juwr0212s1,,Wi-Fi 4,USB Type-A 2.0,
TRENDnet TEW-804UB,https://pcpartpicker.com/product/pz2kcf/trendnet-wireless-network-card-tew804ub,,Wi-Fi 5,USB Type-A 2.0,
SIIG JU-WR0112-S1,https://pcpartpicker.com/product/HYn2FT/siig-wireless-network-card-juwr0112s1,,Wi-Fi 4,USB Type-A 2.0,
Cisco AE3000,https://pcpartpicker.com/product/Jcdqqs/cisco-wireless-network-card-ae3000,,Wi-Fi 4,USB Type-A 2.0,
Intel 6205,https://pcpartpicker.com/product/khR48d/intel-wireless-network-card-62205anhmwg,,Wi-Fi 4,Mini-PCIe,
Intel 6235ANHMW,https://pcpartpicker.com/product/M7kD4D/intel-wireless-network-card-6235anhmwg,,Wi-Fi 4,Mini-PCIe,
Asus USB-AC55,https://pcpartpicker.com/product/wXL7YJ/asus-wireless-network-card-usbac55,,Wi-Fi 5,USB Type-A 3.2 Gen 1,
Asus USB-N13,https://pcpartpicker.com/product/TBDzK8/asus-wireless-network-card-usbn13cradle,,Wi-Fi 4,USB Type-A 2.0,
Belkin AE3000,https://pcpartpicker.com/product/9hn2FT/belkin-wireless-network-card-ae3000np,,Wi-Fi 4,USB Type-A 2.0,
Belkin F7D2102TT,https://pcpartpicker.com/product/V2qdnQ/belkin-wireless-network-card-f7d2102tt,,Wi-Fi 4,USB Type-A 2.0,
BenQ WDRT8192,https://pcpartpicker.com/product/B8W9TW/benq-wdrt8192-usb-20-80211abgn-wi-fi-adapter-5jj3f28a01,,Wi-Fi 4,USB Type-A 2.0,
Cisco AE1200,https://pcpartpicker.com/product/448H99/cisco-wireless-network-card-ae1200,,Wi-Fi 4,USB Type-A 2.0,
Hawking Technology HW7ACU,https://pcpartpicker.com/product/NMp323/hawking-technology-wireless-network-card-hw7acu,,Wi-Fi 5,USB Type-A 2.0,
IOGEAR GWU735,https://pcpartpicker.com/product/wv648d/iogear-wireless-network-card-gwu735,,Wi-Fi 5,USB Type-A 3.2 Gen 1,
Rosewill RNX-AC1200UBE2,https://pcpartpicker.com/product/7gDwrH/rosewill-wireless-network-card-ac1200ube2,,Wi-Fi 5,USB Type-A 3.2 Gen 1,
Rosewill RNX-N600UB,https://pcpartpicker.com/product/3vLypg/rosewill-wireless-network-card-rnxn600ub,,Wi-Fi 4,USB Type-A 2.0,
StarTech PEX867WAC22,https://pcpartpicker.com/product/76M323/startech-wireless-network-card-pex867wac22,102.99,Wi-Fi 5,PCIe x1,
StarTech USB300WN2X2C,https://pcpartpicker.com/product/7MnG3C/startech-wireless-network-card-usb300wn2x2c,24.14,Wi-Fi 4,USB Type-A 2.0,
StarTech USB867WAC22,https://pcpartpicker.com/product/kzmLrH/startech-wireless-network-card-usb867wac22,25,Wi-Fi 5,USB Type-A 3.2 Gen 1,
Edimax EW-7711MAC,https://pcpartpicker.com/product/TWMFf7/edimax-wireless-network-card-ew7711mac,,Wi-Fi 5,USB Type-A 2.0,
Intel 6300,https://pcpartpicker.com/product/Xyp323/intel-wireless-network-card-633anhmwebc,,Wi-Fi 4,Mini-PCIe,
Intel 7260,https://pcpartpicker.com/product/7v648d/intel-wireless-network-card-7260hmwbnwbr,,Wi-Fi 4,Mini-PCIe,
Intel 7260,https://pcpartpicker.com/product/4v648d/intel-wireless-network-card-7260hmwnbwbr,,Wi-Fi 4,Mini-PCIe,
Edimax EW-7811DAC,https://pcpartpicker.com/product/YcQypg/edimax-ew-7811dac-usb-20-80211abgnac-wi-fi-adapter-ew-7811dac,,Wi-Fi 5,USB Type-A 2.0,
AUKEY WF-R12,https://pcpartpicker.com/product/LVbkcf/aukey-wf-r12-none-wi-fi-adapter-wf-r12,,Wi-Fi 5,USB Type-A 3.2 Gen 1,
Athenatech NE-WN3201D,https://pcpartpicker.com/product/mPnG3C/athenatech-ne-wn3201d-none-wi-fi-adapter-ne-wn3201d,,Wi-Fi 4,USB Type-A 2.0,
Edimax EW-7822PIC,https://pcpartpicker.com/product/pmgPxr/edimax-ew-7822pic-none-wi-fi-adapter-ew-7822pic,,Wi-Fi 5,PCIe x1,
TRENDnet TEW-806UBH,https://pcpartpicker.com/product/mDrG3C/trendnet-tew-806ubh-none-wi-fi-adapter-tew-806ubh,,Wi-Fi 5,USB Type-A 2.0,
Rosewill RNX-N600PCE_v2.0,https://pcpartpicker.com/product/PYrcCJ/rosewill-rnx-n600pce_v20-none-wi-fi-adapter-rnx-n600pce_v20,,Wi-Fi 4,PCIe x1,
TP-Link Archer T4UH,https://pcpartpicker.com/product/xyX2FT/tp-link-archer-t4uh-usb-30-80211abgnac-wi-fi-adapter-archer-t4uh,,Wi-Fi 5,USB Type-A 3.2 Gen 1,
Rosewill RNX-N150NUB,https://pcpartpicker.com/product/d3bkcf/rosewill-rnx-n150nub-usb-20-80211abgn-wi-fi-adapter-rnx-ac600ub_v20,,Wi-Fi 4,USB Type-A 2.0,
Rosewill RNX-N300UB,https://pcpartpicker.com/product/P298TW/rosewill-rnx-n300ub-none-wi-fi-adapter-rnx-n300ub,,Wi-Fi 4,USB Type-A 2.0,
Rosewill RNX-N150NUB,https://pcpartpicker.com/product/bnH48d/rosewill-rnx-n150nub-usb-20-80211abgn-wi-fi-adapter-rnx-ac1200ub,,Wi-Fi 4,USB Type-A 2.0,
Rosewill RNX-N150NUB,https://pcpartpicker.com/product/WnH48d/rosewill-rnx-n150nub-none-wi-fi-adapter-rnx-n150nub,,Wi-Fi 4,USB Type-A 2.0,
TRENDnet TEW-807ECH,https://pcpartpicker.com/product/hJbkcf/trendnet-tew-807ech-none-wi-fi-adapter-tew-807ech,52.99,Wi-Fi 5,PCIe x1,
Linksys AE3000-CA,https://pcpartpicker.com/product/gTJkcf/linksys-ae3000-ca-none-wi-fi-adapter-ae3000-ca,,Wi-Fi 4,USB Type-A 2.0,
Linksys AE2500-CA,https://pcpartpicker.com/product/ZLs8TW/linksys-ae2500-ca-none-wi-fi-adapter-ae2500-ca,,Wi-Fi 4,USB Type-A 2.0,
Netgear WF2190,https://pcpartpicker.com/product/b27v6h/netgear-wf2190-none-wi-fi-adapter-wf2190,,Wi-Fi 5,USB Type-A 3.2 Gen 1,
Inamax 4332804407,https://pcpartpicker.com/product/Hpkj4D/inamax-4332804407-none-wi-fi-adapter-4332804407,,Wi-Fi 5,USB Type-A 3.2 Gen 1,Black
Rosewill RNX-AC600PCEv3,https://pcpartpicker.com/product/y8BTwP/rosewill-rnx-ac600pcev3-none-wi-fi-adapter-rnx-ac600pcev3,,Wi-Fi 5,PCIe x1,Black
Hawking Technology HW17ACU,https://pcpartpicker.com/product/TR3H99/hawking-technology-hw17acu-none-wi-fi-adapter-hw17acu,,Wi-Fi 5,USB Type-A 2.0,Black
BrosTrend AC6,https://pcpartpicker.com/product/XGsmP6/brostrend-ac6-none-wi-fi-adapter-ac6,,Wi-Fi 5,PCIe x1,Red / Black
Rosewill RNX-AC1200UBv2,https://pcpartpicker.com/product/3LGxFT/rosewill-rnx-ac1200ubv2-usb-30-wi-fi-adapter-rnx-ac1200ubv2,,Wi-Fi 5,USB Type-A 3.2 Gen 1,Black
Asus USB-AC55 B1,https://pcpartpicker.com/product/4yhKHx/asus-usb-ac55-b1-usb-30-wi-fi-adapter-usb-ac55-b1,,Wi-Fi 5,USB Type-A 3.2 Gen 1,Black
TRENDnet TBW-108UB,https://pcpartpicker.com/product/X7YQzy/trendnet-tbw-108ub-usb-20-wi-fi-adapter-tbw-108ub,,Wi-Fi 4,USB Type-A 2.0,Black
TRENDnet TEW-808UBM,https://pcpartpicker.com/product/hXsnTW/trendnet-tew-808ubm-usb-20-wi-fi-adapter-tew-808ubm,,Wi-Fi 5,USB Type-A 2.0,Black
Rosewill RNX-AC1900UB,https://pcpartpicker.com/product/bBmFf7/rosewill-rnx-ac1900ub-usb-30-wi-fi-adapter-rnx-ac1900ub,,Wi-Fi 5,USB Type-A 3.2 Gen 1,Black
Rosewill RNX-AC1900PCEv2,https://pcpartpicker.com/product/m9WBD3/rosewill-rnx-ac1900pcev2-pcie-x1-wi-fi-adapter-rnx-ac1900pcev2,,Wi-Fi 5,PCIe x1,Red / Black
TP-Link ARCHER T4UHP,https://pcpartpicker.com/product/9m97YJ/tp-link-archer-t4uhp-usb-30-wi-fi-adapter-archer-t4uhp,,Wi-Fi 5,USB Type-A 3.2 Gen 1,Black
Syba SY-PEX23059,https://pcpartpicker.com/product/VMsmP6/syba-sy-pex23059-pcie-x1-wi-fi-adapter-sy-pex23059,,Wi-Fi 4,PCIe x1,Green / Black
Linksys WUSB6100M,https://pcpartpicker.com/product/XTKcCJ/linksys-wusb6100m-usb-30-80211abgnac-wi-fi-adapter-wusb6100m,,Wi-Fi 5,USB Type-A 3.2 Gen 1,Black
HP 8265,https://pcpartpicker.com/product/rzQG3C/hp-8265-pcie-x1-80211abgnac-wi-fi-adapter-1ql48aa,,Wi-Fi 5,PCIe x1,Green / Black
HP 9260,https://pcpartpicker.com/product/hrdxFT/hp-9260-pcie-x1-80211abgnac-wi-fi-adapter-3tk89at,,Wi-Fi 5,PCIe x1,Green / Black
Sabrent USB-802N,https://pcpartpicker.com/product/FWx2FT/sabrent-usb-802n-usb-20-80211bgn-wi-fi-adapter-usb-802n,38.99,Wi-Fi 4,USB Type-A 2.0,Black
Belkin Linksys AE1200-NP,https://pcpartpicker.com/product/M3c48d/belkin-linksys-ae1200-np-usb-30-80211bgn-wi-fi-adapter-ae1200-np,,Wi-Fi 4,USB Type-A 3.2 Gen 1,Black
fenvi FV8303,https://pcpartpicker.com/product/bKn8TW/fenvi-fv8303-pcie-x1-80211abgn-wi-fi-adapter-fv8303,,Wi-Fi 4,PCIe x1,
Hommie N900,https://pcpartpicker.com/product/PCBhP6/hommie-n900-pcie-x1-80211abgn-wi-fi-adapter-p01w-eu,,Wi-Fi 4,PCIe x1,
fenvi FV-AX3000R,https://pcpartpicker.com/product/CDLFf7/fenvi-fv-ax3000r-80211abgnacax-pcie-x1-wi-fi-adapter-fv-ax3000r,,Wi-Fi 6,PCIe x1,Red / Black
Intel 8265.NGWMG.DTX1,https://pcpartpicker.com/product/DsTPxr/intel-8265ngwmgdtx1-80211abgnac-m2-wi-fi-adapter-8265ngwmgdtx1,,Wi-Fi 5,M.2,
Intel AX210 w/vPro,https://pcpartpicker.com/product/f9xRsY/intel-ax210-wvpro-80211abgnacax-m2-wi-fi-adapter-ax210ngwgie,,Wi-Fi 6E,M.2 PCIe,Green
Intel AX210,https://pcpartpicker.com/product/NqYmP6/intel-ax210-80211abgnacax-m2-wi-fi-adapter-ax210ngwgiinv,,Wi-Fi 6E,M.2 PCIe,Green
Intel AX210 w/vPro,https://pcpartpicker.com/product/L2qPxr/intel-ax210-wvpro-80211abgnacax-m2-wi-fi-adapter-ax210ngwgii,,Wi-Fi 6E,M.2 PCIe,Green
fenvi Wi-Fi 7 FV-BE8800Pro,https://pcpartpicker.com/product/2T7scf/fenvi-wi-fi-7-fv-be8800pro-80211abgnacax-pcie-x1-wi-fi-adapter-wi-fi-7-fv-be8800pro,,Wi-Fi 7,PCIe x1,Red / Black
fenvi FV-AXE3000RGB,https://pcpartpicker.com/product/bdWJ7P/fenvi-fv-axe3000rgb-80211abgnacax-pcie-x1-wi-fi-adapter-fv-axe3000rgb,,Wi-Fi 6E,PCIe x1,Red / Silver
Asus USB-N13 C1,https://pcpartpicker.com/product/9GK2FT/asus-usb-n13-c1-80211abgn-usb-type-a-wi-fi-adapter-90ig05d0-ma0r00,,Wi-Fi 4,USB Type-A,
D-Link DWA-181-US,https://pcpartpicker.com/product/YhCFf7/d-link-dwa-181-us-80211abgnac-usb-type-a-wi-fi-adapter-dwa-181-us,21.99,Wi-Fi 5,USB Type-A 2.0,Black
D-Link DWA-X3000,https://pcpartpicker.com/product/RVXJ7P/d-link-dwa-x3000-80211abgnacax-pcie-x1-wi-fi-adapter-dwa-x3000,,Wi-Fi 6,PCIe x1,Black
Rosewill RNX-AC3000,https://pcpartpicker.com/product/vkxbt6/rosewill-rnx-ac3000-80211abgnacax-pcie-x1-wi-fi-adapter-rnx-ac3000,,Wi-Fi 6,PCIe x1,Black
